dyad_id,start_date,end_date,outcome
399,1946-07-18,1946-07-21,4.0
400,1952-04-09,1952-04-12,4.0
401,1967-03-31,1967-10-16,3.0
402,1946-08-31,,
402,1946-08-31,,
402,1946-08-31,,
402,1946-08-31,,
402,1946-08-31,,
402,1946-08-31,,
402,1946-08-31,,
402,1946-08-31,1953-11-09,1.0
403,1946-12-31,,
403,1946-12-31,,
403,1946-12-31,,
403,1946-12-31,1949-12-08,4.0
404,1946-03-31,,
404,1946-03-31,,
404,1946-03-31,,
404,1946-03-31,1949-10-16,3.0
405,1945-10-13,,
405,1945-10-13,,
405,1945-10-13,,
405,1945-10-13,1949-08-15,1.0
406,1946-05-31,1946-12-16,3.0
406,1946-05-31,,
406,1946-05-31,,
406,1946-05-31,1968-12-31,5.0
406,1946-05-31,,
406,1946-05-31,,
406,1946-05-31,,
406,1946-05-31,,
406,1946-05-31,,
406,1946-05-31,,
406,1946-05-31,,
406,1946-05-31,,
406,1946-05-31,,
406,1946-05-31,1988-12-31,5.0
406,1946-05-31,1990-08-17,5.0
406,1946-05-31,1993-11-11,5.0
406,1946-05-31,1996-07-28,5.0
406,1946-05-31,2016-12-20,5.0
406,1946-05-31,2018-10-12,5.0
407,1945-11-19,1946-12-16,3.0
408,1939-03-31,1946-12-31,5.0
409,1946-03-31,,
409,1946-03-31,,
409,1946-03-31,,
409,1946-03-31,,
409,1946-03-31,,
409,1946-03-31,,
409,1946-03-31,,
409,1946-03-31,1953-12-31,4.0
410,1946-07-31,,
410,1946-07-31,,
410,1946-07-31,,
410,1946-07-31,,
410,1946-07-31,,
410,1946-07-31,,
410,1946-07-31,,
410,1946-07-31,,
410,1946-07-31,1954-12-31,3.0
411,1969-09-30,,
411,1969-09-30,,
411,1969-09-30,,
411,1969-09-30,,
411,1969-09-30,,
411,1969-09-30,,
411,1969-09-30,,
411,1969-09-30,,
411,1969-09-30,,
411,1969-09-30,,
411,1969-09-30,,
411,1969-09-30,,
411,1969-09-30,,
411,1969-09-30,,
411,1969-09-30,,
411,1969-09-30,,
411,1969-09-30,,
411,1969-09-30,,
411,1969-09-30,,
411,1969-09-30,,
411,1969-09-30,,
411,1969-09-30,,
411,1969-09-30,,
411,1969-09-30,,
411,1969-09-30,,
411,1969-09-30,,
411,1969-09-30,1995-11-29,2.0
411,1969-09-30,1997-12-30,2.0
411,1969-09-30,,
411,1969-09-30,,
411,1969-09-30,,
411,1969-09-30,,
411,1969-09-30,,
411,1969-09-30,,
411,1969-09-30,,
411,1969-09-30,,
411,1969-09-30,,
411,1969-09-30,,
411,1969-09-30,,
411,1969-09-30,,
411,1969-09-30,,
411,1969-09-30,,
411,1969-09-30,,
411,1969-09-30,,
411,1969-09-30,,
411,1969-09-30,,
411,1969-09-30,,
411,1969-09-30,,
411,1969-09-30,,
411,1969-09-30,,
412,1987-01-27,1987-12-31,5.0
412,1987-01-27,,
412,1987-01-27,1990-12-31,5.0
413,1944-12-31,,
413,1944-12-31,,
413,1944-12-31,1948-12-31,5.0
414,1945-12-31,1946-12-31,5.0
415,1945-12-31,1946-12-31,5.0
416,1946-06-30,,
416,1946-06-30,,
416,1946-06-30,1948-12-31,5.0
417,1941-12-31,,
417,1941-12-31,,
417,1941-12-31,,
417,1941-12-31,,
417,1941-12-31,1950-12-31,5.0
418,1946-05-07,1946-11-17,1.0
419,1946-10-22,1946-12-31,5.0
420,1946-11-20,,
420,1946-11-20,,
420,1946-11-20,,
420,1946-11-20,,
420,1946-11-20,,
420,1946-11-20,,
420,1946-11-20,,
420,1946-11-20,,
420,1946-11-20,1954-07-20,1.0
421,1947-02-28,1947-03-24,3.0
422,1948-12-31,1948-12-31,2.0
422,1948-12-31,,
422,1948-12-31,1965-12-15,1.0
422,1948-12-31,1971-12-17,1.0
422,1948-12-31,1984-12-31,5.0
422,1948-12-31,1987-12-31,5.0
422,1948-12-31,,
422,1948-12-31,,
422,1948-12-31,,
422,1948-12-31,1992-12-31,5.0
422,1948-12-31,1994-11-28,5.0
422,1948-12-31,,
422,1948-12-31,,
422,1948-12-31,,
422,1948-12-31,,
422,1948-12-31,,
422,1948-12-31,,
422,1948-12-31,,
422,1948-12-31,2003-11-26,2.0
422,1948-12-31,,
422,1948-12-31,,
422,1948-12-31,,
422,1948-12-31,,
422,1948-12-31,,
422,1948-12-31,,
422,1948-12-31,,
422,1948-12-31,,
423,1947-03-29,1947-12-31,3.0
424,1947-03-07,1947-08-21,3.0
425,1954-05-05,1954-05-05,4.0
426,1989-02-03,1989-02-03,4.0
427,1948-12-31,,
427,1948-12-31,,
427,1948-12-31,,
427,1948-12-31,,
427,1948-12-31,,
427,1948-12-31,,
427,1948-12-31,,
427,1948-12-31,,
427,1948-12-31,,
427,1948-12-31,,
427,1948-12-31,,
427,1948-12-31,,
427,1948-12-31,,
427,1948-12-31,,
427,1948-12-31,,
427,1948-12-31,,
427,1948-12-31,,
427,1948-12-31,,
427,1948-12-31,,
427,1948-12-31,,
427,1948-12-31,,
427,1948-12-31,,
427,1948-12-31,,
427,1948-12-31,,
427,1948-12-31,,
427,1948-12-31,,
427,1948-12-31,1975-12-31,6.0
428,1966-12-31,,
428,1966-12-31,,
428,1966-12-31,,
428,1966-12-31,,
428,1966-12-31,,
428,1966-12-31,,
428,1966-12-31,,
428,1966-12-31,,
428,1966-12-31,,
428,1966-12-31,,
428,1966-12-31,,
428,1966-12-31,,
428,1966-12-31,,
428,1966-12-31,,
428,1966-12-31,,
428,1966-12-31,,
428,1966-12-31,,
428,1966-12-31,,
428,1966-12-31,,
428,1966-12-31,,
428,1966-12-31,,
428,1966-12-31,,
428,1966-12-31,,
428,1966-12-31,,
428,1966-12-31,,
428,1966-12-31,,
428,1966-12-31,1992-11-22,5.0
428,1966-12-31,,
428,1966-12-31,1995-07-13,5.0
428,1966-12-31,,
428,1966-12-31,1998-07-14,5.0
428,1966-12-31,,
428,1966-12-31,,
428,1966-12-31,,
428,1966-12-31,,
428,1966-12-31,,
428,1966-12-31,,
428,1966-12-31,,
428,1966-12-31,,
428,1966-12-31,,
428,1966-12-31,,
428,1966-12-31,,
428,1966-12-31,2011-12-31,2.0
429,2000-01-27,2000-12-31,3.0
430,2010-08-05,,
430,2010-08-05,2011-11-03,2.0
430,2010-08-05,2013-04-29,5.0
431,1948-05-31,,
431,1948-05-31,,
431,1948-05-31,,
431,1948-05-31,,
431,1948-05-31,,
431,1948-05-31,,
431,1948-05-31,,
431,1948-05-31,,
431,1948-05-31,,
431,1948-05-31,,
431,1948-05-31,,
431,1948-05-31,,
431,1948-05-31,,
431,1948-05-31,,
431,1948-05-31,,
431,1948-05-31,,
431,1948-05-31,,
431,1948-05-31,,
431,1948-05-31,,
431,1948-05-31,,
431,1948-05-31,,
431,1948-05-31,,
431,1948-05-31,,
431,1948-05-31,,
431,1948-05-31,,
431,1948-05-31,,
431,1948-05-31,,
431,1948-05-31,,
431,1948-05-31,,
431,1948-05-31,,
431,1948-05-31,,
431,1948-05-31,,
431,1948-05-31,,
431,1948-05-31,,
431,1948-05-31,,
431,1948-05-31,,
431,1948-05-31,,
431,1948-05-31,,
431,1948-05-31,,
431,1948-05-31,,
431,1948-05-31,1988-12-31,6.0
432,1948-02-29,,
432,1948-02-29,,
432,1948-02-29,1950-12-31,5.0
432,1948-02-29,1970-11-30,3.0
433,1948-08-31,,
433,1948-08-31,,
433,1948-08-31,,
433,1948-08-31,,
433,1948-08-31,,
433,1948-08-31,1953-12-31,5.0
434,1990-12-31,,
434,1990-12-31,,
434,1990-12-31,1992-12-31,5.0
434,1990-12-31,1994-12-31,5.0
14273,1994-05-02,,
14273,1994-05-02,,
14273,1994-05-02,2015-11-13,5.0
14273,1994-05-02,,
14273,1994-05-02,,
14273,1994-05-02,2019-12-20,5.0
435,1948-01-31,,
435,1948-01-31,,
435,1948-01-31,,
435,1948-01-31,,
435,1948-01-31,,
435,1948-01-31,,
435,1948-01-31,,
435,1948-01-31,,
435,1948-01-31,,
435,1948-01-31,1957-12-31,2.0
436,1948-07-31,,
436,1948-07-31,,
436,1948-07-31,,
436,1948-07-31,,
436,1948-07-31,,
436,1948-07-31,,
436,1948-07-31,,
436,1948-07-31,,
436,1948-07-31,,
436,1948-07-31,,
436,1948-07-31,,
436,1948-07-31,,
436,1948-07-31,,
436,1948-07-31,1961-11-15,3.0
437,1964-12-31,,
437,1964-12-31,,
437,1964-12-31,,
437,1964-12-31,,
437,1964-12-31,,
437,1964-12-31,,
437,1964-12-31,,
437,1964-12-31,,
437,1964-12-31,1972-12-31,5.0
438,1964-12-31,,
438,1964-12-31,,
438,1964-12-31,,
438,1964-12-31,,
438,1964-12-31,,
438,1964-12-31,,
438,1964-12-31,,
438,1964-12-31,,
438,1964-12-31,,
438,1964-12-31,1973-12-31,5.0
439,1973-12-31,,
439,1973-12-31,,
439,1973-12-31,,
439,1973-12-31,,
439,1973-12-31,,
439,1973-12-31,1978-12-31,5.0
440,1977-06-01,1977-05-30,3.0
442,1991-12-26,1991-12-29,5.0
442,1991-12-26,1994-06-23,5.0
11387,2015-03-29,,
11387,2015-03-29,,
11387,2015-03-29,,
15069,2016-10-09,,
15069,2016-10-09,2017-12-31,5.0
443,1948-12-31,,
443,1948-12-31,,
443,1948-12-31,1951-12-31,6.0
444,1952-12-31,,
444,1952-12-31,,
444,1952-12-31,,
444,1952-12-31,,
444,1952-12-31,,
444,1952-12-31,,
444,1952-12-31,1958-07-12,1.0
445,1959-12-31,,
445,1959-12-31,,
445,1959-12-31,,
445,1959-12-31,,
445,1959-12-31,1963-12-31,5.0
445,1959-12-31,1990-03-22,5.0
446,1996-12-23,1996-12-23,3.0
447,1948-03-03,1948-04-20,4.0
448,1948-09-13,1948-09-18,4.0
449,1948-05-01,,
449,1948-05-01,,
449,1948-05-01,,
449,1948-05-01,1951-12-31,5.0
450,1969-05-27,,
450,1969-05-27,,
450,1969-05-27,1971-12-31,3.0
451,1987-07-29,,
451,1987-07-29,,
451,1987-07-29,,
451,1987-07-29,1994-12-02,5.0
451,1987-07-29,,
451,1987-07-29,,
451,1987-07-29,,
451,1987-07-29,,
451,1987-07-29,,
451,1987-07-29,,
451,1987-07-29,,
451,1987-07-29,,
451,1987-07-29,2004-10-14,6.0
452,1992-02-12,,
452,1992-02-12,,
452,1992-02-12,,
452,1992-02-12,,
452,1992-02-12,,
452,1992-02-12,2004-10-14,6.0
453,2004-11-20,,
453,2004-11-20,,
453,2004-11-20,,
453,2004-11-20,,
453,2004-11-20,,
453,2004-11-20,,
453,2004-11-20,,
453,2004-11-20,,
453,2004-11-20,,
453,2004-11-20,,
453,2004-11-20,,
453,2004-11-20,,
453,2004-11-20,,
453,2004-11-20,,
453,2004-11-20,,
453,2004-11-20,,
11932,1998-10-24,2000-12-31,5.0
454,1948-04-15,,
454,1948-04-15,1949-01-07,2.0
455,1948-06-19,,
455,1948-06-19,,
455,1948-06-19,,
455,1948-06-19,,
455,1948-06-19,,
455,1948-06-19,,
455,1948-06-19,,
455,1948-06-19,,
455,1948-06-19,,
455,1948-06-19,1957-08-31,6.0
456,1948-03-15,1948-03-15,4.0
457,1962-10-31,,
457,1962-10-31,,
457,1962-10-31,,
457,1962-10-31,,
457,1962-10-31,,
457,1962-10-31,,
457,1962-10-31,,
457,1962-10-31,,
457,1962-10-31,1970-05-23,1.0
458,1979-03-31,,
458,1979-03-31,,
458,1979-03-31,,
458,1979-03-31,1982-05-31,5.0
459,2009-11-03,,
459,2009-11-03,,
459,2009-11-03,,
459,2009-11-03,,
459,2009-11-03,,
459,2009-11-03,,
459,2009-11-03,,
459,2009-11-03,,
459,2009-11-03,,
459,2009-11-03,2018-12-31,5.0
10855,2014-03-13,,
10855,2014-03-13,2015-01-22,4.0
14595,2015-03-07,,
14595,2015-03-07,,
14595,2015-03-07,,
14595,2015-03-07,,
14595,2015-03-07,,
14595,2015-03-07,,
460,1949-12-31,,
460,1949-12-31,1950-05-05,3.0
461,1961-02-28,,
461,1961-02-28,,
461,1961-02-28,,
461,1961-02-28,,
461,1961-02-28,,
461,1961-02-28,,
461,1961-02-28,,
461,1961-02-28,,
461,1961-02-28,,
461,1961-02-28,,
461,1961-02-28,,
461,1961-02-28,,
461,1961-02-28,,
461,1961-02-28,,
461,1961-02-28,,
461,1961-02-28,,
461,1961-02-28,,
461,1961-02-28,,
461,1961-02-28,,
461,1961-02-28,,
461,1961-02-28,,
461,1961-02-28,,
461,1961-02-28,,
461,1961-02-28,,
461,1961-02-28,,
461,1961-02-28,,
461,1961-02-28,,
461,1961-02-28,,
461,1961-02-28,,
461,1961-02-28,,
461,1961-02-28,,
461,1961-02-28,1992-12-31,2.0
461,1961-02-28,,
461,1961-02-28,,
461,1961-02-28,,
461,1961-02-28,,
461,1961-02-28,,
461,1961-02-28,,
461,1961-02-28,,
461,1961-02-28,,
461,1961-02-28,2019-12-31,5.0
462,1949-10-31,,
462,1949-10-31,1950-12-31,5.0
462,1949-10-31,1954-12-31,5.0
462,1949-10-31,1958-12-31,5.0
463,1949-07-18,1949-07-19,3.0
464,1954-06-18,1954-06-27,4.0
465,1963-03-22,1963-12-31,5.0
465,1963-03-22,,
465,1963-03-22,,
465,1963-03-22,,
465,1963-03-22,,
465,1963-03-22,,
465,1963-03-22,,
465,1963-03-22,,
465,1963-03-22,,
465,1963-03-22,,
465,1963-03-22,1974-12-31,3.0
465,1963-03-22,1981-12-31,6.0
466,1970-12-31,,
466,1970-12-31,,
466,1970-12-31,,
466,1970-12-31,,
466,1970-12-31,,
466,1970-12-31,,
466,1970-12-31,,
466,1970-12-31,,
466,1970-12-31,,
466,1970-12-31,,
466,1970-12-31,,
466,1970-12-31,1981-12-31,6.0
467,1975-05-31,,
467,1975-05-31,,
467,1975-05-31,,
467,1975-05-31,,
467,1975-05-31,,
467,1975-05-31,,
467,1975-05-31,1981-12-31,6.0
468,1979-11-30,,
468,1979-11-30,,
468,1979-11-30,1981-12-31,6.0
469,1982-03-31,,
469,1982-03-31,,
469,1982-03-31,,
469,1982-03-31,,
469,1982-03-31,,
469,1982-03-31,,
469,1982-03-31,,
469,1982-03-31,,
469,1982-03-31,,
469,1982-03-31,,
469,1982-03-31,,
469,1982-03-31,,
469,1982-03-31,,
469,1982-03-31,1995-12-31,1.0
470,1948-05-15,,
470,1948-05-15,,
470,1948-05-15,,
470,1948-05-15,,
470,1948-05-15,,
470,1948-05-15,,
470,1948-05-15,,
470,1948-05-15,,
470,1948-05-15,,
470,1948-05-15,,
470,1948-05-15,,
470,1948-05-15,,
470,1948-05-15,,
470,1948-05-15,,
470,1948-05-15,,
470,1948-05-15,1964-12-31,6.0
471,1965-12-31,,
471,1965-12-31,,
471,1965-12-31,,
471,1965-12-31,,
471,1965-12-31,,
471,1965-12-31,,
471,1965-12-31,,
471,1965-12-31,,
471,1965-12-31,1973-12-31,6.0
472,1965-02-28,,
472,1965-02-28,,
472,1965-02-28,,
472,1965-02-28,,
472,1965-02-28,,
472,1965-02-28,,
472,1965-02-28,,
472,1965-02-28,,
472,1965-02-28,,
472,1965-02-28,,
472,1965-02-28,,
472,1965-02-28,,
472,1965-02-28,,
472,1965-02-28,,
472,1965-02-28,,
472,1965-02-28,,
472,1965-02-28,,
472,1965-02-28,,
472,1965-02-28,,
472,1965-02-28,,
472,1965-02-28,,
472,1965-02-28,,
472,1965-02-28,,
472,1965-02-28,1988-12-31,6.0
473,1974-12-31,,
473,1974-12-31,,
473,1974-12-31,,
473,1974-12-31,,
473,1974-12-31,,
473,1974-12-31,,
473,1974-12-31,,
473,1974-12-31,,
473,1974-12-31,,
473,1974-12-31,,
473,1974-12-31,,
473,1974-12-31,,
473,1974-12-31,,
473,1974-12-31,,
473,1974-12-31,1988-12-31,6.0
474,1970-01-06,1989-12-31,5.0
474,1970-01-06,2001-12-31,5.0
475,1973-07-31,1989-12-31,5.0
476,1965-02-28,,
476,1965-02-28,,
476,1965-02-28,1992-12-31,1.0
476,1965-02-28,,
476,1965-02-28,,
476,1965-02-28,2002-12-31,5.0
476,1965-02-28,,
476,1965-02-28,,
476,1965-02-28,2007-11-27,1.0
477,1989-05-03,,
477,1989-05-03,1994-12-31,5.0
477,1989-05-03,,
477,1989-05-03,,
477,1989-05-03,,
477,1989-05-03,,
477,1989-05-03,,
477,1989-05-03,,
477,1989-05-03,,
477,1989-05-03,,
477,1989-05-03,2009-12-31,5.0
477,1989-05-03,,
477,1989-05-03,2012-11-23,2.0
477,1989-05-03,2014-08-26,2.0
477,1989-05-03,2018-12-31,5.0
478,1987-08-31,1995-12-31,5.0
478,1987-08-31,,
478,1987-08-31,,
478,1987-08-31,,
478,1987-08-31,,
478,1987-08-31,,
478,1987-08-31,,
478,1987-08-31,,
478,1987-08-31,,
478,1987-08-31,,
478,1987-08-31,,
478,1987-08-31,,
478,1987-08-31,2012-12-31,5.0
478,1987-08-31,2014-08-26,2.0
478,1987-08-31,2019-11-14,2.0
479,1995-01-02,1996-12-31,5.0
479,1995-01-02,,
479,1995-01-02,,
479,1995-01-02,2002-12-31,2.0
480,2000-10-30,,
480,2000-10-30,,
480,2000-10-30,2004-12-31,6.0
481,2001-08-19,2006-12-31,5.0
482,1949-05-31,,
482,1949-05-31,,
482,1949-05-31,,
482,1949-05-31,,
482,1949-05-31,1953-07-27,2.0
483,1950-10-07,1950-10-09,3.0
483,1950-10-07,1956-12-31,5.0
483,1950-10-07,1959-04-23,3.0
484,1950-08-05,1950-11-15,3.0
485,1950-10-30,1950-11-01,3.0
486,1951-10-18,,
486,1951-10-18,1952-12-31,5.0
487,1951-06-30,1951-07-01,3.0
488,1966-12-31,,
488,1966-12-31,,
488,1966-12-31,,
488,1966-12-31,,
488,1966-12-31,,
488,1966-12-31,,
488,1966-12-31,,
488,1966-12-31,,
488,1966-12-31,1982-12-31,5.0
489,1952-10-22,,
489,1952-10-22,,
489,1952-10-22,,
489,1952-10-22,,
489,1952-10-22,1956-12-31,3.0
490,1953-07-26,1953-07-27,3.0
490,1953-07-26,,
490,1953-07-26,,
490,1953-07-26,1958-12-31,4.0
491,1961-04-17,1961-04-20,3.0
492,1953-12-31,1953-12-31,5.0
492,1953-12-31,,
492,1953-12-31,,
492,1953-12-31,,
492,1953-12-31,1961-12-31,2.0
493,1958-04-02,,
493,1958-04-02,,
493,1958-04-02,,
493,1958-04-02,1961-08-30,3.0
494,1958-03-07,,
494,1958-03-07,,
494,1958-03-07,,
494,1958-03-07,1961-10-30,3.0
495,1953-11-07,,
495,1953-11-07,,
495,1953-11-07,,
495,1953-11-07,1956-03-02,1.0
496,1953-04-30,,
496,1953-04-30,,
496,1953-04-30,,
496,1953-04-30,1956-03-20,6.0
497,1954-11-01,,
497,1954-11-01,,
497,1954-11-01,,
497,1954-11-01,,
497,1954-11-01,,
497,1954-11-01,,
497,1954-11-01,,
497,1954-11-01,,
497,1954-11-01,1962-03-19,1.0
498,1955-12-31,,
498,1955-12-31,,
498,1955-12-31,1957-12-31,5.0
499,1955-09-16,1955-09-19,4.0
500,1955-06-16,1955-09-19,4.0
501,1963-04-02,1963-09-22,3.0
502,1970-09-18,,
502,1970-09-18,,
502,1970-09-18,,
502,1970-09-18,1977-12-31,3.0
503,1970-06-01,,
503,1970-06-01,,
503,1970-06-01,1977-12-31,3.0
504,1955-06-02,,
504,1955-06-02,,
504,1955-06-02,,
504,1955-06-02,,
504,1955-06-02,1959-02-19,1.0
505,1955-04-30,,
505,1955-04-30,,
505,1955-04-30,,
505,1955-04-30,,
505,1955-04-30,,
505,1955-04-30,,
505,1955-04-30,,
505,1955-04-30,,
505,1955-04-30,,
505,1955-04-30,1964-12-31,6.0
506,1956-10-23,1956-11-14,4.0
507,1955-07-20,,
507,1955-07-20,,
507,1955-07-20,,
507,1955-07-20,1959-12-31,5.0
507,1955-07-20,,
507,1955-07-20,,
507,1955-07-20,,
507,1955-07-20,,
507,1955-07-20,,
507,1955-07-20,,
507,1955-07-20,,
507,1955-07-20,1968-06-15,5.0
508,1982-08-24,,
508,1982-08-24,,
508,1982-08-24,,
508,1982-08-24,,
508,1982-08-24,,
508,1982-08-24,1997-07-22,2.0
508,1982-08-24,2000-09-13,2.0
510,1956-10-31,1956-11-06,2.0
511,1957-12-31,1957-12-31,5.0
511,1957-12-31,1987-12-31,5.0
511,1957-12-31,1992-11-06,5.0
511,1957-12-31,1996-10-06,5.0
511,1957-12-31,2005-01-25,5.0
512,1957-09-30,,
512,1957-09-30,,
512,1957-09-30,1959-12-31,6.0
513,1957-05-01,1957-05-07,1.0
514,1957-01-12,,
514,1957-01-12,1958-06-30,3.0
515,1957-11-23,,
515,1957-11-23,1958-06-30,3.0
516,1957-07-31,1957-08-26,3.0
517,1958-07-14,1958-07-14,4.0
518,1959-03-08,1959-03-10,3.0
519,1963-11-18,1963-11-20,3.0
520,1963-02-08,1963-02-18,4.0
521,1982-08-01,,
521,1982-08-01,,
521,1982-08-01,1984-12-31,5.0
521,1982-08-01,1987-12-31,5.0
521,1982-08-01,,
521,1982-08-01,,
521,1982-08-01,,
521,1982-08-01,,
521,1982-08-01,,
521,1982-08-01,1996-10-25,5.0
523,2003-12-12,,
523,2003-12-12,,
523,2003-12-12,,
523,2003-12-12,2007-12-31,5.0
523,2003-12-12,2011-12-31,5.0
524,2004-05-17,,
524,2004-05-17,,
524,2004-05-17,,
524,2004-05-17,,
524,2004-05-17,,
524,2004-05-17,,
524,2004-05-17,,
524,2004-05-17,,
524,2004-05-17,,
524,2004-05-17,,
524,2004-05-17,,
524,2004-05-17,,
524,2004-05-17,,
524,2004-05-17,,
524,2004-05-17,,
524,2004-05-17,,
524,2004-05-17,,
525,2004-10-03,,
525,2004-10-03,,
525,2004-10-03,2007-12-31,5.0
13891,2004-04-04,2004-09-23,2.0
13891,2004-04-04,,
13891,2004-04-04,2008-06-28,2.0
526,1958-05-15,1958-07-31,1.0
527,1975-09-02,,
527,1975-09-02,1976-10-21,2.0
527,1975-09-02,,
527,1975-09-02,,
527,1975-09-02,1984-12-31,6.0
528,1976-01-20,1976-10-21,2.0
529,1983-09-01,,
529,1983-09-01,1984-12-31,6.0
530,1985-08-11,,
530,1985-08-11,1986-12-31,5.0
531,1986-01-06,1986-12-31,5.0
532,1989-03-11,,
532,1989-03-11,1990-10-13,3.0
533,1985-03-15,1989-09-23,2.0
534,1957-12-31,,
534,1957-12-31,,
534,1957-12-31,1960-07-31,3.0
534,1957-12-31,,
534,1957-12-31,1975-12-31,5.0
534,1957-12-31,1981-12-31,5.0
535,1959-11-12,,
535,1959-11-12,,
535,1959-11-12,1961-04-26,1.0
535,1959-11-12,,
535,1959-11-12,,
535,1959-11-12,,
535,1959-11-12,,
535,1959-11-12,,
535,1959-11-12,,
535,1959-11-12,,
535,1959-11-12,,
535,1959-11-12,,
535,1959-11-12,,
535,1959-11-12,1973-09-14,1.0
536,1960-12-13,1960-12-16,3.0
537,1989-08-25,,
537,1989-08-25,1990-04-10,3.0
538,1961-03-15,,
538,1961-03-15,,
538,1961-03-15,,
538,1961-03-15,,
538,1961-03-15,,
538,1961-03-15,1966-12-31,
538,1961-03-15,,
538,1961-03-15,,
538,1961-03-15,,
538,1961-03-15,,
538,1961-03-15,,
538,1961-03-15,,
538,1961-03-15,1974-10-12,1.0
539,1961-02-04,1961-12-31,5.0
539,1961-02-04,,
539,1961-02-04,,
539,1961-02-04,,
539,1961-02-04,,
539,1961-02-04,,
539,1961-02-04,,
539,1961-02-04,,
539,1961-02-04,,
539,1961-02-04,,
539,1961-02-04,,
539,1961-02-04,,
539,1961-02-04,1974-10-21,1.0
540,1966-12-26,,
540,1966-12-26,1967-12-31,5.0
541,1959-11-22,1959-12-31,6.0
542,1960-07-31,,
542,1960-07-31,1961-12-31,6.0
543,1962-12-31,,
543,1962-12-31,1963-12-31,6.0
544,1964-12-31,,
544,1964-12-31,,
544,1964-12-31,,
544,1964-12-31,,
544,1964-12-31,,
544,1964-12-31,,
544,1964-12-31,1970-12-31,5.0
544,1964-12-31,,
544,1964-12-31,1973-12-31,5.0
545,1969-12-31,,
545,1969-12-31,1970-12-31,5.0
546,1969-12-31,,
546,1969-12-31,1970-12-31,5.0
546,1969-12-31,,
546,1969-12-31,,
546,1969-12-31,,
546,1969-12-31,,
546,1969-12-31,,
546,1969-12-31,,
546,1969-12-31,,
546,1969-12-31,1983-12-31,6.0
547,1976-08-31,1976-12-31,5.0
548,1984-04-30,1984-12-31,6.0
549,1985-12-31,,
549,1985-12-31,,
549,1985-12-31,,
549,1985-12-31,1988-12-31,5.0
549,1985-12-31,,
549,1985-12-31,,
549,1985-12-31,1995-12-31,2.0
550,1996-09-28,,
550,1996-09-28,,
550,1996-09-28,,
550,1996-09-28,,
550,1996-09-28,,
550,1996-09-28,,
550,1996-09-28,2002-09-24,5.0
550,1996-09-28,,
550,1996-09-28,,
550,1996-09-28,,
550,1996-09-28,,
550,1996-09-28,,
550,1996-09-28,,
550,1996-09-28,2011-09-11,2.0
550,1996-09-28,2013-10-10,5.0
11972,2006-11-22,2011-12-31,2.0
11972,2006-11-22,2013-12-31,5.0
11972,2006-11-22,2015-11-30,5.0
551,1961-10-27,,
551,1961-10-27,1962-12-28,3.0
12009,2011-12-04,,
12009,2011-12-04,2014-11-05,5.0
12009,2011-12-04,,
552,1960-08-31,,
552,1960-08-31,,
552,1960-08-31,1962-12-31,3.0
553,1960-12-17,1960-12-17,3.0
554,1975-12-31,,
554,1975-12-31,1977-12-31,5.0
554,1975-12-31,,
554,1975-12-31,,
554,1975-12-31,,
554,1975-12-31,1987-12-31,5.0
555,1975-08-27,1976-12-31,5.0
555,1975-08-27,,
555,1975-08-27,,
555,1975-08-27,,
555,1975-08-27,,
555,1975-08-27,,
555,1975-08-27,,
555,1975-08-27,,
555,1975-08-27,,
555,1975-08-27,,
555,1975-08-27,,
555,1975-08-27,1988-04-30,6.0
555,1975-08-27,,
556,1977-01-31,,
556,1977-01-31,1978-12-31,5.0
557,1982-12-31,,
557,1982-12-31,,
557,1982-12-31,1985-12-31,5.0
558,1989-01-08,,
558,1989-01-08,,
558,1989-01-08,1991-06-02,4.0
559,1989-05-16,1989-05-30,3.0
12104,1991-06-02,1991-06-30,3.0
560,1964-02-10,1964-03-30,2.0
560,1964-02-10,,
560,1964-02-10,1978-03-23,3.0
560,1964-02-10,1980-12-03,3.0
561,1960-02-29,,
561,1960-02-29,,
561,1960-02-29,1962-12-31,2.0
562,1996-02-25,,
562,1996-02-25,,
562,1996-02-25,,
562,1996-02-25,,
562,1996-02-25,,
562,1996-02-25,,
562,1996-02-25,,
562,1996-02-25,,
562,1996-02-25,,
562,1996-02-25,,
562,1996-02-25,2006-09-21,1.0
563,1961-04-22,,
563,1961-04-22,1962-06-30,3.0
564,1961-12-31,,
564,1961-12-31,,
564,1961-12-31,,
564,1961-12-31,,
564,1961-12-31,,
564,1961-12-31,,
564,1961-12-31,,
564,1961-12-31,,
564,1961-12-31,,
564,1961-12-31,1970-03-11,1.0
564,1961-12-31,,
564,1961-12-31,,
564,1961-12-31,1975-12-31,3.0
564,1961-12-31,,
564,1961-12-31,,
564,1961-12-31,,
564,1961-12-31,,
564,1961-12-31,,
564,1961-12-31,1984-12-31,5.0
564,1961-12-31,,
564,1961-12-31,,
564,1961-12-31,,
564,1961-12-31,,
564,1961-12-31,,
564,1961-12-31,1991-12-31,5.0
565,1976-12-31,,
565,1976-12-31,,
565,1976-12-31,1978-12-31,5.0
565,1976-12-31,,
565,1976-12-31,,
565,1976-12-31,,
565,1976-12-31,1983-12-31,2.0
565,1976-12-31,,
565,1976-12-31,,
565,1976-12-31,,
565,1976-12-31,,
565,1976-12-31,,
565,1976-12-31,,
565,1976-12-31,,
565,1976-12-31,1992-03-13,5.0
565,1976-12-31,,
565,1976-12-31,1996-09-30,5.0
566,1977-12-31,,
566,1977-12-31,1978-12-31,6.0
567,1961-07-20,1961-07-22,1.0
568,1962-12-08,1962-12-31,3.0
569,1959-08-31,1962-11-21,3.0
569,1959-08-31,1967-12-31,4.0
569,1959-08-31,,
570,1961-09-30,,
570,1961-09-30,,
570,1961-09-30,,
570,1961-09-30,,
570,1961-09-30,,
570,1961-09-30,,
570,1961-09-30,,
570,1961-09-30,,
570,1961-09-30,,
570,1961-09-30,,
570,1961-09-30,,
570,1961-09-30,,
570,1961-09-30,,
570,1961-09-30,,
570,1961-09-30,,
570,1961-09-30,,
570,1961-09-30,1980-12-31,5.0
571,1973-09-30,1973-12-31,5.0
571,1973-09-30,,
571,1973-09-30,,
571,1973-09-30,,
571,1973-09-30,,
571,1973-09-30,,
571,1973-09-30,,
571,1973-09-30,,
571,1973-09-30,,
571,1973-09-30,,
571,1973-09-30,,
571,1973-09-30,,
571,1973-09-30,,
571,1973-09-30,,
571,1973-09-30,,
571,1973-09-30,,
571,1973-09-30,,
571,1973-09-30,1991-05-31,4.0
572,1962-01-15,1962-09-21,1.0
573,1962-06-03,1962-12-31,3.0
574,1981-11-30,1982-10-04,3.0
575,1992-02-04,1992-11-27,3.0
576,1963-10-08,1963-11-04,1.0
577,1963-02-28,,
577,1963-02-28,,
577,1963-02-28,,
577,1963-02-28,,
577,1963-02-28,,
577,1963-02-28,,
577,1963-02-28,,
577,1963-02-28,,
577,1963-02-28,,
577,1963-02-28,,
577,1963-02-28,1973-12-31,1.0
578,1963-12-31,,
578,1963-12-31,,
578,1963-12-31,,
578,1963-12-31,1966-12-31,5.0
579,1962-12-08,,
579,1962-12-08,,
579,1962-12-08,,
579,1962-12-08,1966-08-11,1.0
580,1963-12-31,,
580,1963-12-31,,
580,1963-12-31,,
580,1963-12-31,,
580,1963-12-31,,
580,1963-12-31,,
580,1963-12-31,,
580,1963-12-31,,
580,1963-12-31,,
580,1963-12-31,1972-01-31,1.0
581,1964-01-03,,
581,1964-01-03,1965-12-31,3.0
582,1967-07-05,1967-11-05,3.0
583,1977-03-08,,
583,1977-03-08,1978-06-15,3.0
584,1996-10-18,,
584,1996-10-18,1997-05-16,4.0
585,1998-11-01,,
585,1998-11-01,,
585,1998-11-01,2000-12-31,1.0
586,1998-08-01,,
586,1998-08-01,,
586,1998-08-01,,
586,1998-08-01,2001-09-29,1.0
588,2006-01-18,,
588,2006-01-18,,
588,2006-01-18,2008-10-29,1.0
10509,2012-10-06,,
10509,2012-10-06,2014-09-05,5.0
10509,2012-10-06,,
11377,2010-11-08,,
11377,2010-11-08,2012-12-31,5.0
11377,2010-11-08,2014-09-05,5.0
11377,2010-11-08,,
11377,2010-11-08,,
11377,2010-11-08,,
11377,2010-11-08,,
11982,2012-05-09,,
11982,2012-05-09,2013-11-05,1.0
11982,2012-05-09,2017-12-31,5.0
12463,2013-12-30,2013-12-31,3.0
14808,2012-06-05,2012-12-31,5.0
14929,2016-07-22,,
14929,2016-07-22,,
14929,2016-07-22,2018-12-31,5.0
15135,2017-06-17,2017-12-31,5.0
15336,2018-01-09,,
15336,2018-01-09,2019-12-31,5.0
15389,2017-02-12,,
15389,2017-02-12,,
15389,2017-02-12,,
16286,2005-11-01,2005-12-31,5.0
589,1964-02-18,1964-02-19,3.0
590,1964-11-19,,
590,1964-11-19,,
590,1964-11-19,,
590,1964-11-19,,
590,1964-11-19,,
590,1964-11-19,,
590,1964-11-19,,
590,1964-11-19,,
590,1964-11-19,,
590,1964-11-19,,
590,1964-11-19,1974-09-07,1.0
591,1964-11-25,,
591,1964-11-25,,
591,1964-11-25,,
591,1964-11-25,1967-11-29,1.0
592,1965-10-18,1965-10-19,3.0
593,1991-11-23,,
593,1991-11-23,1992-04-14,5.0
594,1994-09-13,,
594,1994-09-13,,
594,1994-09-13,,
594,1994-09-13,,
594,1994-09-13,1998-12-31,5.0
595,1990-08-13,1997-12-31,5.0
596,1997-03-14,,
596,1997-03-14,,
596,1997-03-14,,
596,1997-03-14,,
596,1997-03-14,,
596,1997-03-14,,
596,1997-03-14,,
596,1997-03-14,,
596,1997-03-14,,
596,1997-03-14,2006-09-26,1.0
596,1997-03-14,2008-08-22,1.0
597,1998-06-07,,
597,1998-06-07,,
597,1998-06-07,,
597,1998-06-07,,
597,1998-06-07,,
597,1998-06-07,2003-11-16,1.0
11798,2014-02-02,,
14528,2015-05-14,2015-12-11,6.0
14649,2015-12-11,2015-12-31,5.0
14842,2012-10-04,,
14842,2012-10-04,2015-12-31,5.0
14842,2012-10-04,,
14842,2012-10-04,,
598,1966-07-31,,
598,1966-07-31,,
598,1966-07-31,,
598,1966-07-31,,
598,1966-07-31,1970-12-31,5.0
599,1971-01-09,,
599,1971-01-09,1972-11-24,3.0
600,1971-01-22,1971-12-31,5.0
601,1976-02-18,,
601,1976-02-18,1977-12-31,1.0
601,1976-02-18,,
601,1976-02-18,,
601,1976-02-18,,
601,1976-02-18,1982-06-07,4.0
602,1977-06-21,,
602,1977-06-21,,
602,1977-06-21,1979-02-22,4.0
603,1982-08-27,1982-12-31,5.0
604,1983-01-13,,
604,1983-01-13,1984-12-31,5.0
604,1983-01-13,1986-12-31,5.0
605,1987-01-02,1987-11-01,2.0
606,1987-11-22,,
606,1987-11-22,1990-12-31,5.0
607,1988-12-19,1989-12-31,6.0
608,1989-10-20,1989-12-31,6.0
609,1990-03-31,,
610,1991-12-31,,
610,1991-12-31,,
610,1991-12-31,1993-12-31,5.0
610,1991-12-31,1997-12-31,2.0
611,1991-10-13,1991-10-14,3.0
612,1992-06-21,,
612,1992-06-21,,
612,1992-06-21,1994-12-31,5.0
613,1992-02-21,,
613,1992-02-21,,
613,1992-02-21,1994-08-11,1.0
614,1992-12-31,,
614,1992-12-31,,
614,1992-12-31,1994-12-31,1.0
615,1994-08-12,,
615,1994-08-12,1998-05-07,1.0
616,1999-02-05,,
616,1999-02-05,,
616,1999-02-05,,
616,1999-02-05,,
616,1999-02-05,2003-12-14,5.0
617,2005-12-18,,
617,2005-12-18,2006-12-24,1.0
618,2006-06-04,2006-12-31,6.0
619,2006-10-23,,
619,2006-10-23,2007-12-31,6.0
620,2008-02-02,2008-12-31,5.0
621,2009-04-19,2009-12-31,5.0
622,2007-12-06,2010-04-28,5.0
15676,2017-08-18,2018-12-31,5.0
15676,2017-08-18,,
623,1964-12-31,,
623,1964-12-31,,
623,1964-12-31,,
623,1964-12-31,,
623,1964-12-31,1968-12-31,5.0
623,1964-12-31,,
623,1964-12-31,1971-12-31,5.0
623,1964-12-31,,
623,1964-12-31,,
623,1964-12-31,,
623,1964-12-31,,
623,1964-12-31,,
623,1964-12-31,,
623,1964-12-31,,
623,1964-12-31,,
623,1964-12-31,,
623,1964-12-31,,
623,1964-12-31,,
623,1964-12-31,,
623,1964-12-31,,
623,1964-12-31,,
623,1964-12-31,,
623,1964-12-31,,
623,1964-12-31,,
623,1964-12-31,,
623,1964-12-31,,
623,1964-12-31,,
623,1964-12-31,,
623,1964-12-31,,
623,1964-12-31,,
623,1964-12-31,,
623,1964-12-31,,
623,1964-12-31,,
623,1964-12-31,,
623,1964-12-31,,
623,1964-12-31,,
623,1964-12-31,,
623,1964-12-31,,
623,1964-12-31,,
623,1964-12-31,,
623,1964-12-31,,
623,1964-12-31,,
623,1964-12-31,,
623,1964-12-31,,
623,1964-12-31,,
623,1964-12-31,,
623,1964-12-31,,
623,1964-12-31,,
623,1964-12-31,2015-12-31,1.0
624,1965-01-07,1966-12-31,5.0
624,1965-01-07,,
624,1965-01-07,1970-12-31,5.0
624,1965-01-07,1973-12-31,5.0
624,1965-01-07,,
624,1965-01-07,,
624,1965-01-07,,
624,1965-01-07,,
624,1965-01-07,,
624,1965-01-07,,
624,1965-01-07,,
624,1965-01-07,,
624,1965-01-07,,
624,1965-01-07,,
624,1965-01-07,,
624,1965-01-07,,
624,1965-01-07,,
624,1965-01-07,,
624,1965-01-07,,
624,1965-01-07,,
624,1965-01-07,,
624,1965-01-07,,
624,1965-01-07,,
624,1965-01-07,,
624,1965-01-07,,
624,1965-01-07,,
624,1965-01-07,2006-12-31,5.0
624,1965-01-07,2008-12-31,5.0
624,1965-01-07,2010-12-31,5.0
624,1965-01-07,2013-12-31,5.0
624,1965-01-07,,
624,1965-01-07,2016-12-31,2.0
624,1965-01-07,,
624,1965-01-07,2019-12-31,5.0
625,1978-01-15,,
625,1978-01-15,1979-12-31,5.0
625,1978-01-15,,
625,1978-01-15,,
625,1978-01-15,,
625,1978-01-15,,
625,1978-01-15,,
625,1978-01-15,1986-12-31,5.0
625,1978-01-15,1988-12-31,1.0
626,1968-01-06,1984-08-24,2.0
626,1968-01-06,,
626,1968-01-06,,
626,1968-01-06,,
626,1968-01-06,1990-12-31,1.0
15488,2017-04-08,,
15488,2017-04-08,,
15488,2017-04-08,,
15558,1991-09-09,2004-12-31,5.0
627,1965-04-24,1965-08-31,5.0
628,1965-07-28,1965-12-31,5.0
628,1965-07-28,,
628,1965-07-28,,
628,1965-07-28,1969-12-31,5.0
628,1965-07-28,,
628,1965-07-28,,
628,1965-07-28,1978-12-31,5.0
628,1965-07-28,1981-12-31,5.0
628,1965-07-28,1984-12-31,3.0
628,1965-07-28,2018-12-02,5.0
629,1963-05-15,1965-12-31,3.0
630,1965-06-15,1965-12-31,3.0
631,1981-08-15,,
631,1981-08-15,,
631,1981-08-15,,
631,1981-08-15,,
631,1981-08-15,,
631,1981-08-15,,
631,1981-08-15,,
631,1981-08-15,,
631,1981-08-15,,
631,1981-08-15,,
631,1981-08-15,,
631,1981-08-15,,
631,1981-08-15,,
631,1981-08-15,,
631,1981-08-15,,
631,1981-08-15,,
631,1981-08-15,,
631,1981-08-15,1999-12-31,5.0
631,1981-08-15,,
631,1981-08-15,,
631,1981-08-15,,
631,1981-08-15,2010-12-30,2.0
632,1987-12-01,,
632,1987-12-01,,
632,1987-12-01,,
632,1987-12-01,,
632,1987-12-01,1993-12-31,5.0
633,1965-12-31,,
633,1965-12-31,,
633,1965-12-31,,
633,1965-12-31,,
633,1965-12-31,,
633,1965-12-31,,
633,1965-12-31,,
633,1965-12-31,,
633,1965-12-31,,
633,1965-12-31,,
633,1965-12-31,1975-04-30,4.0
634,1975-12-15,,
634,1975-12-15,1978-12-31,5.0
634,1975-12-15,2011-05-02,5.0
635,1966-02-24,1966-02-24,4.0
636,1981-12-31,1981-12-31,4.0
637,1983-06-19,1983-06-19,3.0
638,1966-09-01,,
638,1966-09-01,,
638,1966-09-01,1968-12-31,5.0
639,1966-01-15,1966-07-29,4.0
640,2009-06-09,2009-07-30,5.0
640,2009-06-09,,
640,2009-06-09,,
640,2009-06-09,,
640,2009-06-09,,
640,2009-06-09,,
640,2009-06-09,,
640,2009-06-09,,
640,2009-06-09,,
640,2009-06-09,,
640,2009-06-09,,
641,1966-08-26,,
641,1966-08-26,,
641,1966-08-26,,
641,1966-08-26,,
641,1966-08-26,,
641,1966-08-26,,
641,1966-08-26,,
641,1966-08-26,,
641,1966-08-26,,
641,1966-08-26,,
641,1966-08-26,,
641,1966-08-26,,
641,1966-08-26,,
641,1966-08-26,,
641,1966-08-26,,
641,1966-08-26,,
641,1966-08-26,,
641,1966-08-26,,
641,1966-08-26,,
641,1966-08-26,,
641,1966-08-26,,
641,1966-08-26,,
641,1966-08-26,1988-08-08,1.0
642,1966-02-23,1966-02-23,4.0
643,1979-06-16,,
643,1979-06-16,,
643,1979-06-16,,
643,1979-06-16,1982-02-02,3.0
11973,2011-07-30,,
11973,2011-07-30,,
11973,2011-07-30,,
11973,2011-07-30,,
11973,2011-07-30,,
11973,2011-07-30,,
11973,2011-07-30,,
11973,2011-07-30,,
11973,2011-07-30,,
11973,2011-07-30,,
644,1967-04-30,,
644,1967-04-30,,
644,1967-04-30,,
644,1967-04-30,,
644,1967-04-30,,
644,1967-04-30,,
644,1967-04-30,,
644,1967-04-30,,
644,1967-04-30,1975-04-17,4.0
644,1967-04-30,,
644,1967-04-30,,
644,1967-04-30,,
644,1967-04-30,,
644,1967-04-30,,
644,1967-04-30,,
644,1967-04-30,,
644,1967-04-30,,
644,1967-04-30,,
644,1967-04-30,,
644,1967-04-30,,
644,1967-04-30,,
644,1967-04-30,,
644,1967-04-30,,
644,1967-04-30,,
644,1967-04-30,,
644,1967-04-30,,
644,1967-04-30,,
644,1967-04-30,,
644,1967-04-30,1998-10-24,3.0
645,1978-12-30,,
645,1978-12-30,1979-01-07,4.0
646,1979-11-30,,
646,1979-11-30,,
646,1979-11-30,,
646,1979-11-30,,
646,1979-11-30,,
646,1979-11-30,,
646,1979-11-30,,
646,1979-11-30,,
646,1979-11-30,,
646,1979-11-30,,
646,1979-11-30,,
646,1979-11-30,,
646,1979-11-30,1991-10-23,1.0
647,1982-12-31,,
647,1982-12-31,,
647,1982-12-31,,
647,1982-12-31,,
647,1982-12-31,,
647,1982-12-31,,
647,1982-12-31,,
647,1982-12-31,1989-12-31,5.0
647,1982-12-31,1991-10-23,1.0
15800,1997-07-08,,
15800,1997-07-08,1998-02-27,1.0
15801,1997-07-05,1997-07-09,4.0
648,1967-06-05,1967-06-10,3.0
649,1967-06-05,1967-06-10,3.0
649,1967-06-05,1973-10-24,2.0
650,1967-07-06,,
650,1967-07-06,,
650,1967-07-06,,
650,1967-07-06,1970-01-12,3.0
651,1969-02-28,1969-12-31,5.0
652,1969-03-02,1969-12-31,5.0
653,1969-07-03,1969-07-18,2.0
654,2000-09-01,,
654,2000-09-01,2001-07-19,5.0
655,1970-08-20,,
655,1970-08-20,1971-12-31,5.0
656,1972-10-31,,
656,1972-10-31,,
656,1972-10-31,,
656,1972-10-31,,
656,1972-10-31,,
656,1972-10-31,,
656,1972-10-31,,
656,1972-10-31,,
656,1972-10-31,,
656,1972-10-31,,
656,1972-10-31,,
656,1972-10-31,,
656,1972-10-31,,
656,1972-10-31,,
656,1972-10-31,,
656,1972-10-31,,
656,1972-10-31,,
656,1972-10-31,,
656,1972-10-31,1990-08-02,5.0
656,1972-10-31,1993-11-07,2.0
657,1990-02-01,1990-08-02,5.0
657,1990-02-01,1994-12-31,2.0
657,1990-02-01,,
657,1990-02-01,,
657,1990-02-01,,
657,1990-02-01,,
657,1990-02-01,,
657,1990-02-01,,
657,1990-02-01,,
657,1990-02-01,,
657,1990-02-01,,
657,1990-02-01,2005-12-31,5.0
657,1990-02-01,,
657,1990-02-01,,
657,1990-02-01,2009-07-31,2.0
657,1990-02-01,2011-12-31,1.0
657,1990-02-01,,
658,1993-05-03,,
658,1993-05-03,,
658,1993-05-03,,
658,1993-05-03,,
658,1993-05-03,,
658,1993-05-03,1998-12-31,5.0
658,1993-05-03,,
658,1993-05-03,,
658,1993-05-03,,
658,1993-05-03,,
658,1993-05-03,,
658,1993-05-03,,
658,1993-05-03,,
658,1993-05-03,2007-12-19,5.0
658,1993-05-03,,
658,1993-05-03,,
658,1993-05-03,,
658,1993-05-03,,
658,1993-05-03,,
658,1993-05-03,,
658,1993-05-03,,
658,1993-05-03,,
658,1993-05-03,,
658,1993-05-03,,
658,1993-05-03,,
658,1993-05-03,,
659,2001-11-19,2001-12-31,3.0
659,2001-11-19,2005-12-31,5.0
659,2001-11-19,2013-09-30,3.0
660,2007-04-13,2007-12-31,5.0
11246,2012-08-05,,
11246,2012-08-05,,
11246,2012-08-05,,
11246,2012-08-05,,
11246,2012-08-05,2016-04-20,6.0
14913,2016-02-22,2016-04-20,6.0
15474,2016-01-19,2016-04-20,6.0
15475,2016-07-26,2018-12-31,5.0
661,1971-07-22,1971-07-22,3.0
662,1976-07-02,1976-07-02,3.0
663,1983-05-16,,
663,1983-05-16,,
663,1983-05-16,,
663,1983-05-16,,
663,1983-05-16,,
663,1983-05-16,,
663,1983-05-16,,
663,1983-05-16,,
663,1983-05-16,,
663,1983-05-16,,
663,1983-05-16,,
663,1983-05-16,,
663,1983-05-16,,
663,1983-05-16,,
663,1983-05-16,,
663,1983-05-16,,
663,1983-05-16,,
663,1983-05-16,,
663,1983-05-16,,
663,1983-05-16,,
663,1983-05-16,,
663,1983-05-16,2004-12-31,1.0
664,1996-04-20,,
664,1996-04-20,,
664,1996-04-20,,
664,1996-04-20,,
664,1996-04-20,,
664,1996-04-20,2001-12-31,5.0
665,2003-10-04,,
665,2003-10-04,2004-12-21,2.0
665,2003-10-04,,
665,2003-10-04,,
665,2003-10-04,,
665,2003-10-04,,
665,2003-10-04,2011-11-13,6.0
666,2003-04-09,,
666,2003-04-09,,
666,2003-04-09,,
666,2003-04-09,2006-12-31,5.0
666,2003-04-09,,
666,2003-04-09,,
666,2003-04-09,,
666,2003-04-09,2011-11-13,6.0
666,2003-04-09,,
666,2003-04-09,2018-12-31,5.0
666,2003-04-09,,
667,2006-07-03,2006-12-31,5.0
668,2006-01-23,2006-05-05,1.0
669,2007-04-29,,
669,2007-04-29,2008-12-31,5.0
670,2010-04-30,,
670,2010-04-30,2011-07-09,6.0
11975,2011-06-06,2011-06-28,1.0
11975,2011-06-06,,
11975,2011-06-06,2016-08-08,1.0
11976,2011-03-26,2011-07-09,6.0
11988,2011-11-22,,
11988,2011-11-22,,
11988,2011-11-22,,
11988,2011-11-22,,
11988,2011-11-22,,
11988,2011-11-22,,
11988,2011-11-22,2017-12-22,2.0
14134,2014-02-28,2014-12-31,2.0
14134,2014-02-28,2017-11-27,3.0
14150,2014-03-02,,
14150,2014-03-02,2015-01-31,6.0
671,1971-04-30,1971-04-30,3.0
672,1971-07-10,1971-07-11,3.0
673,1971-03-26,1971-12-16,4.0
674,1971-04-05,1971-06-09,3.0
674,1971-04-05,,
674,1971-04-05,1990-02-23,3.0
675,1971-01-25,1971-01-29,4.0
676,1972-09-17,1972-09-20,3.0
676,1972-09-17,1979-03-28,6.0
677,1974-03-23,1974-03-23,3.0
678,1973-03-31,1979-03-28,6.0
679,1979-03-31,1979-04-10,4.0
680,1980-08-31,,
680,1980-08-31,1981-12-31,5.0
681,1981-02-18,,
681,1981-02-18,,
681,1981-02-18,,
681,1981-02-18,,
681,1981-02-18,,
681,1981-02-18,1986-01-26,4.0
682,1981-03-31,,
682,1981-03-31,,
682,1981-03-31,1983-12-31,5.0
683,1981-02-09,1989-09-30,3.0
684,1986-10-19,,
684,1986-10-19,1987-11-04,3.0
685,1986-08-10,,
685,1986-08-10,1987-12-31,1.0
686,1987-12-03,,
686,1987-12-03,,
686,1987-12-03,,
686,1987-12-03,,
686,1987-12-03,,
686,1987-12-03,1992-08-09,3.0
687,1988-03-18,1988-08-11,3.0
688,1988-02-25,,
688,1988-02-25,,
688,1988-02-25,,
688,1988-02-25,1991-12-31,5.0
688,1988-02-25,,
688,1988-02-25,,
688,1988-02-25,,
688,1988-02-25,,
688,1988-02-25,1998-12-31,5.0
688,1988-02-25,,
688,1988-02-25,,
688,1988-02-25,,
688,1988-02-25,,
688,1988-02-25,,
688,1988-02-25,,
688,1988-02-25,2006-08-26,1.0
688,1988-02-25,,
688,1988-02-25,,
688,1988-02-25,,
688,1988-02-25,2011-11-03,5.0
688,1988-02-25,,
688,1988-02-25,2014-12-31,3.0
689,1996-11-13,,
689,1996-11-13,,
689,1996-11-13,,
689,1996-11-13,,
689,1996-11-13,,
689,1996-11-13,,
689,1996-11-13,2002-11-30,3.0
689,1996-11-13,2007-12-31,5.0
689,1996-11-13,,
689,1996-11-13,2011-11-03,5.0
689,1996-11-13,,
689,1996-11-13,,
689,1996-11-13,,
689,1996-11-13,,
689,1996-11-13,,
689,1996-11-13,,
689,1996-11-13,2019-07-21,6.0
690,1995-10-18,1996-12-31,5.0
691,1996-06-23,1997-12-31,5.0
692,1970-08-11,,
692,1970-08-11,,
692,1970-08-11,,
692,1970-08-11,,
692,1970-08-11,,
692,1970-08-11,,
692,1970-08-11,,
692,1970-08-11,,
692,1970-08-11,,
692,1970-08-11,,
692,1970-08-11,,
692,1970-08-11,,
692,1970-08-11,,
692,1970-08-11,,
692,1970-08-11,,
692,1970-08-11,,
692,1970-08-11,,
692,1970-08-11,,
692,1970-08-11,,
692,1970-08-11,,
692,1970-08-11,1991-11-26,5.0
693,1998-08-15,1998-08-15,2.0
694,1972-03-25,1972-03-25,3.0
695,1973-03-02,1979-12-31,6.0
696,1977-05-11,1979-12-31,6.0
697,1980-05-18,,
697,1980-05-18,,
697,1980-05-18,,
697,1980-05-18,,
697,1980-05-18,,
697,1980-05-18,,
697,1980-05-18,,
697,1980-05-18,,
697,1980-05-18,,
697,1980-05-18,,
697,1980-05-18,,
697,1980-05-18,1991-11-18,1.0
698,1968-10-31,,
698,1968-10-31,,
698,1968-10-31,,
698,1968-10-31,,
698,1968-10-31,,
698,1968-10-31,,
698,1968-10-31,1975-12-11,3.0
699,1966-09-07,,
699,1966-09-07,1968-12-31,5.0
699,1966-09-07,,
699,1966-09-07,1974-12-09,6.0
700,1966-04-29,,
700,1966-04-29,,
700,1966-04-29,,
700,1966-04-29,1976-10-08,6.0
701,1976-11-02,,
701,1976-11-02,,
701,1976-11-02,,
701,1976-11-02,1979-12-21,1.0
702,1970-04-13,1972-12-31,3.0
703,1972-02-21,1972-10-19,1.0
703,1972-02-21,1979-03-30,2.0
704,1973-09-11,1973-09-11,4.0
705,1975-02-28,,
705,1975-02-28,,
705,1975-02-28,,
705,1975-02-28,,
705,1975-02-28,,
705,1975-02-28,,
705,1975-02-28,,
705,1975-02-28,,
705,1975-02-28,,
705,1975-02-28,,
705,1975-02-28,,
705,1975-02-28,,
705,1975-02-28,,
705,1975-02-28,,
705,1975-02-28,,
705,1975-02-28,,
705,1975-02-28,1991-12-31,2.0
706,1974-06-20,1974-08-16,2.0
707,1972-04-11,1974-12-31,1.0
707,1972-04-11,,
707,1972-04-11,,
707,1972-04-11,,
707,1972-04-11,,
707,1972-04-11,,
707,1972-04-11,,
707,1972-04-11,,
707,1972-04-11,,
707,1972-04-11,1988-08-20,2.0
708,1973-05-18,,
708,1973-05-18,,
708,1973-05-18,,
708,1973-05-18,1977-07-05,2.0
708,1973-05-18,2012-12-31,5.0
708,1973-05-18,2015-12-31,5.0
709,2004-06-25,2004-12-25,5.0
709,2004-06-25,,
709,2004-06-25,,
709,2004-06-25,,
709,2004-06-25,2009-10-20,5.0
709,2004-06-25,,
709,2004-06-25,,
709,2004-06-25,,
709,2004-06-25,,
709,2004-06-25,,
709,2004-06-25,2016-10-23,5.0
710,2006-01-12,2006-12-31,6.0
711,2007-08-25,,
711,2007-08-25,2009-10-20,5.0
711,2007-08-25,2012-12-31,5.0
711,2007-08-25,,
711,2007-08-25,2015-12-31,5.0
11521,2012-10-08,2016-12-31,5.0
16177,2019-02-17,,
16177,2019-02-17,,
712,1993-12-16,1997-06-30,5.0
712,1993-12-16,1999-11-29,5.0
712,1993-12-16,2003-08-09,5.0
713,1975-11-11,,
713,1975-11-11,,
713,1975-11-11,,
713,1975-11-11,,
713,1975-11-11,1979-12-31,5.0
714,1975-11-11,,
714,1975-11-11,,
714,1975-11-11,,
714,1975-11-11,,
714,1975-11-11,,
714,1975-11-11,,
714,1975-11-11,,
714,1975-11-11,,
714,1975-11-11,,
714,1975-11-11,,
714,1975-11-11,,
714,1975-11-11,,
714,1975-11-11,,
714,1975-11-11,,
714,1975-11-11,,
714,1975-11-11,,
714,1975-11-11,,
714,1975-11-11,,
714,1975-11-11,,
714,1975-11-11,,
714,1975-11-11,1995-12-24,5.0
714,1975-11-11,,
714,1975-11-11,,
714,1975-11-11,,
714,1975-11-11,,
714,1975-11-11,2002-04-01,1.0
715,1975-05-01,,
715,1975-05-01,,
715,1975-05-01,1977-12-31,5.0
716,1964-01-11,1964-12-31,3.0
717,1976-01-04,,
717,1976-01-04,,
717,1976-01-04,,
717,1976-01-04,,
717,1976-01-04,,
717,1976-01-04,,
717,1976-01-04,,
717,1976-01-04,1983-12-31,3.0
718,1993-10-13,1993-12-31,5.0
718,1993-10-13,1996-12-31,3.0
718,1993-10-13,1999-12-31,5.0
719,1994-02-26,1994-02-26,5.0
719,1994-02-26,1996-12-31,3.0
719,1994-02-26,,
719,1994-02-26,,
719,1994-02-26,,
719,1994-02-26,,
719,1994-02-26,,
719,1994-02-26,,
719,1994-02-26,,
719,1994-02-26,,
719,1994-02-26,,
719,1994-02-26,,
719,1994-02-26,,
719,1994-02-26,,
719,1994-02-26,,
719,1994-02-26,,
719,1994-02-26,,
719,1994-02-26,,
719,1994-02-26,,
719,1994-02-26,,
719,1994-02-26,2016-12-31,5.0
720,1975-12-07,,
720,1975-12-07,,
720,1975-12-07,,
720,1975-12-07,,
720,1975-12-07,,
720,1975-12-07,,
720,1975-12-07,,
720,1975-12-07,,
720,1975-12-07,,
720,1975-12-07,,
720,1975-12-07,,
720,1975-12-07,,
720,1975-12-07,,
720,1975-12-07,1988-12-31,5.0
720,1975-12-07,1992-12-15,5.0
720,1975-12-07,,
720,1975-12-07,,
720,1975-12-07,1999-09-22,1.0
721,1975-09-01,,
721,1975-09-01,,
721,1975-09-01,,
721,1975-09-01,,
721,1975-09-01,,
721,1975-09-01,,
721,1975-09-01,,
721,1975-09-01,,
721,1975-09-01,,
721,1975-09-01,,
721,1975-09-01,,
721,1975-09-01,,
721,1975-09-01,,
721,1975-09-01,,
721,1975-09-01,1989-11-16,5.0
722,1977-12-31,,
722,1977-12-31,,
722,1977-12-31,,
722,1977-12-31,,
722,1977-12-31,,
722,1977-12-31,,
722,1977-12-31,,
722,1977-12-31,,
722,1977-12-31,,
722,1977-12-31,,
722,1977-12-31,,
722,1977-12-31,,
722,1977-12-31,,
722,1977-12-31,,
722,1977-12-31,,
722,1977-12-31,1992-10-19,1.0
722,1977-12-31,,
722,1977-12-31,2014-07-27,1.0
722,1977-12-31,2016-11-07,2.0
15516,2018-01-14,,
15516,2018-01-14,2019-07-12,5.0
723,1978-04-27,1978-04-28,4.0
724,1975-07-02,,
724,1975-07-02,,
724,1975-07-02,,
724,1975-07-02,,
724,1975-07-02,,
724,1975-07-02,,
724,1975-07-02,,
724,1975-07-02,,
724,1975-07-02,,
724,1975-07-02,,
724,1975-07-02,,
724,1975-07-02,,
724,1975-07-02,,
724,1975-07-02,1992-04-28,4.0
724,1975-07-02,1996-12-31,6.0
725,1980-12-31,,
725,1980-12-31,,
725,1980-12-31,,
725,1980-12-31,,
725,1980-12-31,,
725,1980-12-31,,
725,1980-12-31,,
725,1980-12-31,,
725,1980-12-31,1988-12-31,6.0
726,1980-03-31,,
726,1980-03-31,,
726,1980-03-31,,
726,1980-03-31,,
726,1980-03-31,,
726,1980-03-31,,
726,1980-03-31,,
726,1980-03-31,,
726,1980-03-31,,
726,1980-03-31,,
726,1980-03-31,,
726,1980-03-31,,
726,1980-03-31,,
726,1980-03-31,,
726,1980-03-31,,
726,1980-03-31,1995-12-31,1.0
726,1980-03-31,,
726,1980-03-31,2003-12-31,5.0
726,1980-03-31,2006-12-31,5.0
726,1980-03-31,,
726,1980-03-31,,
726,1980-03-31,,
726,1980-03-31,2011-12-31,5.0
726,1980-03-31,2013-12-31,5.0
727,1980-12-31,,
727,1980-12-31,,
727,1980-12-31,,
727,1980-12-31,,
727,1980-12-31,,
727,1980-12-31,,
727,1980-12-31,,
727,1980-12-31,,
727,1980-12-31,,
727,1980-12-31,,
727,1980-12-31,,
727,1980-12-31,1991-12-31,1.0
728,1980-12-31,,
728,1980-12-31,,
728,1980-12-31,,
728,1980-12-31,,
728,1980-12-31,,
728,1980-12-31,,
728,1980-12-31,,
728,1980-12-31,,
728,1980-12-31,1988-12-31,5.0
729,1980-12-31,,
729,1980-12-31,,
729,1980-12-31,,
729,1980-12-31,,
729,1980-12-31,,
729,1980-12-31,,
729,1980-12-31,,
729,1980-12-31,,
729,1980-12-31,,
729,1980-12-31,1989-12-31,5.0
730,1981-07-16,,
730,1981-07-16,,
730,1981-07-16,,
730,1981-07-16,,
730,1981-07-16,,
730,1981-07-16,,
730,1981-07-16,,
730,1981-07-16,1988-12-31,5.0
731,1984-12-31,1984-12-31,5.0
732,1989-07-12,,
732,1989-07-12,,
732,1989-07-12,,
732,1989-07-12,,
732,1989-07-12,,
732,1989-07-12,,
732,1989-07-12,1995-12-31,2.0
733,1990-03-06,1990-03-08,3.0
734,1993-03-08,,
734,1993-03-08,,
734,1993-03-08,1995-12-31,2.0
735,1995-02-18,,
735,1995-02-18,1996-09-26,4.0
735,1995-02-18,,
735,1995-02-18,,
735,1995-02-18,,
735,1995-02-18,,
735,1995-02-18,,
735,1995-02-18,,
735,1995-02-18,,
735,1995-02-18,,
735,1995-02-18,,
735,1995-02-18,,
735,1995-02-18,,
735,1995-02-18,,
735,1995-02-18,,
735,1995-02-18,,
735,1995-02-18,,
735,1995-02-18,,
735,1995-02-18,,
735,1995-02-18,,
736,1996-10-11,,
736,1996-10-11,,
736,1996-10-11,,
736,1996-10-11,,
736,1996-10-11,,
736,1996-10-11,2001-12-07,4.0
16210,2020-01-08,,
737,1974-01-19,1974-12-31,3.0
737,1974-01-19,,
737,1974-01-19,,
737,1974-01-19,,
737,1974-01-19,1981-12-31,4.0
737,1974-01-19,,
737,1974-01-19,1984-12-31,5.0
737,1974-01-19,,
737,1974-01-19,,
737,1974-01-19,1988-12-31,5.0
738,1979-07-09,,
738,1979-07-09,,
738,1979-07-09,,
738,1979-07-09,,
738,1979-07-09,,
738,1979-07-09,,
738,1979-07-09,,
738,1979-07-09,,
738,1979-07-09,,
738,1979-07-09,1988-08-12,1.0
739,1992-10-04,1992-12-31,1.0
739,1992-10-04,1997-11-07,5.0
740,1992-10-11,1997-11-07,5.0
740,1992-10-11,,
740,1992-10-11,,
740,1992-10-11,,
740,1992-10-11,,
740,1992-10-11,2003-12-31,2.0
11299,2003-11-22,2004-12-28,5.0
741,1974-12-27,,
741,1974-12-27,,
741,1974-12-27,1979-07-19,4.0
742,1982-03-18,,
742,1982-03-18,,
742,1982-03-18,,
742,1982-03-18,,
742,1982-03-18,,
742,1982-03-18,,
742,1982-03-18,,
742,1982-03-18,,
742,1982-03-18,1990-04-19,2.0
743,1982-01-18,,
743,1982-01-18,,
743,1982-01-18,1984-12-31,5.0
744,1982-04-30,,
744,1982-04-30,1984-12-31,5.0
744,1982-04-30,,
744,1982-04-30,,
744,1982-04-30,,
744,1982-04-30,,
744,1982-04-30,,
744,1982-04-30,1991-12-31,5.0
745,1989-04-14,,
745,1989-04-14,,
745,1989-04-14,1991-12-31,5.0
746,1990-07-28,,
746,1990-07-28,1991-01-26,4.0
747,1991-09-07,,
747,1991-09-07,,
747,1991-09-07,,
747,1991-09-07,,
747,1991-09-07,,
747,1991-09-07,1996-12-20,6.0
748,2001-05-12,,
748,2001-05-12,2002-10-28,6.0
749,2006-09-18,,
749,2006-09-18,,
749,2006-09-18,2008-12-31,6.0
750,2008-01-02,,
750,2008-01-02,,
750,2008-01-02,,
750,2008-01-02,,
750,2008-01-02,,
750,2008-01-02,,
750,2008-01-02,,
750,2008-01-02,,
750,2008-01-02,,
750,2008-01-02,,
750,2008-01-02,,
750,2008-01-02,,
750,2008-01-02,,
752,2009-03-17,,
752,2009-03-17,2010-12-31,6.0
753,1972-08-13,,
753,1972-08-13,,
753,1972-08-13,,
753,1972-08-13,1982-12-31,5.0
753,1972-08-13,,
753,1972-08-13,,
753,1972-08-13,1988-12-31,3.0
753,1972-08-13,1991-04-03,5.0
753,1972-08-13,1993-12-11,5.0
753,1972-08-13,1997-11-02,5.0
753,1972-08-13,,
753,1972-08-13,,
753,1972-08-13,2001-09-16,5.0
754,2005-07-26,,
754,2005-07-26,,
754,2005-07-26,,
754,2005-07-26,,
754,2005-07-26,2009-12-31,5.0
754,2005-07-26,2011-12-27,2.0
754,2005-07-26,2018-12-31,5.0
754,2005-07-26,,
755,2003-12-31,,
755,2003-12-31,,
755,2003-12-31,,
755,2003-12-31,,
755,2003-12-31,2010-12-31,5.0
12556,2014-10-08,2019-12-31,5.0
756,1979-05-30,,
756,1979-05-30,1980-12-31,5.0
757,1979-11-20,1979-12-04,3.0
758,1980-04-12,1980-04-14,4.0
759,1989-12-24,,
759,1989-12-24,1990-12-31,1.0
760,1990-05-14,1990-12-31,5.0
761,2000-05-31,,
761,2000-05-31,,
761,2000-05-31,,
761,2000-05-31,2003-11-21,1.0
762,2003-04-27,2003-08-18,1.0
763,1968-06-07,,
763,1968-06-07,,
763,1968-06-07,,
763,1968-06-07,,
763,1968-06-07,1982-12-29,5.0
763,1968-06-07,,
763,1968-06-07,,
763,1968-06-07,1987-12-31,2.0
763,1968-06-07,1991-12-13,5.0
764,1980-01-27,1980-01-28,3.0
765,1981-07-30,1981-08-05,3.0
766,1978-02-01,,
766,1978-02-01,,
766,1978-02-01,1983-12-31,5.0
766,1978-02-01,,
766,1978-02-01,,
766,1978-02-01,,
766,1978-02-01,1988-12-31,5.0
767,1982-04-02,1982-06-14,4.0
768,1979-04-26,,
768,1979-04-26,,
768,1979-04-26,,
768,1979-04-26,,
768,1979-04-26,,
768,1979-04-26,,
768,1979-04-26,1988-12-31,5.0
768,1979-04-26,,
768,1979-04-26,1996-12-19,2.0
768,1979-04-26,1998-12-31,5.0
768,1979-04-26,2000-12-20,5.0
768,1979-04-26,2004-12-31,5.0
768,1979-04-26,2006-12-31,5.0
769,1993-08-29,,
769,1993-08-29,1994-12-31,5.0
769,1993-08-29,,
769,1993-08-29,2000-12-20,5.0
769,1993-08-29,,
769,1993-08-29,,
769,1993-08-29,,
769,1993-08-29,,
769,1993-08-29,2007-12-31,5.0
769,1993-08-29,2009-12-28,5.0
770,1985-11-12,,
770,1985-11-12,2009-12-28,5.0
771,1980-07-23,,
771,1980-07-23,2009-12-28,5.0
772,1982-08-01,1982-08-21,3.0
773,1983-04-18,1983-11-01,2.0
774,1983-10-25,1983-10-27,4.0
775,1981-09-20,,
775,1981-09-20,,
775,1981-09-20,,
775,1981-09-20,,
775,1981-09-20,,
775,1981-09-20,,
775,1981-09-20,,
775,1981-09-20,,
775,1981-09-20,,
775,1981-09-20,,
775,1981-09-20,1993-12-24,5.0
776,1975-07-27,,
776,1975-07-27,,
776,1975-07-27,,
776,1975-07-27,,
776,1975-07-27,,
776,1975-07-27,,
776,1975-07-27,,
776,1975-07-27,,
776,1975-07-27,,
776,1975-07-27,,
776,1975-07-27,,
776,1975-07-27,,
776,1975-07-27,,
776,1975-07-27,,
776,1975-07-27,,
776,1975-07-27,,
776,1975-07-27,,
776,1975-07-27,2001-12-12,2.0
776,1975-07-27,2003-08-09,5.0
776,1975-07-27,,
776,1975-07-27,,
776,1975-07-27,,
776,1975-07-27,,
776,1975-07-27,2009-07-04,3.0
777,1978-05-06,,
777,1978-05-06,1985-12-31,5.0
778,1985-05-04,1985-11-30,6.0
778,1985-05-04,1989-12-31,5.0
779,1960-01-31,,
779,1960-01-31,1961-12-31,5.0
780,1984-04-06,1984-04-09,3.0
12422,2015-01-12,,
12422,2015-01-12,,
12422,2015-01-12,2017-12-03,5.0
12422,2015-01-12,,
781,1983-05-01,,
781,1983-05-01,,
781,1983-05-01,,
781,1983-05-01,,
781,1983-05-01,,
781,1983-05-01,,
781,1983-05-01,,
781,1983-05-01,,
781,1983-05-01,,
781,1983-05-01,,
781,1983-05-01,,
781,1983-05-01,,
781,1983-05-01,,
781,1983-05-01,,
781,1983-05-01,,
781,1983-05-01,,
781,1983-05-01,,
781,1983-05-01,,
781,1983-05-01,,
781,1983-05-01,,
781,1983-05-01,,
781,1983-05-01,,
781,1983-05-01,,
781,1983-05-01,,
781,1983-05-01,,
781,1983-05-01,,
781,1983-05-01,,
781,1983-05-01,,
781,1983-05-01,,
781,1983-05-01,2013-02-26,2.0
781,1983-05-01,,
781,1983-05-01,,
781,1983-05-01,,
781,1983-05-01,,
781,1983-05-01,,
781,1983-05-01,,
782,1985-12-25,1985-12-31,1.0
783,1982-06-16,,
783,1982-06-16,,
783,1982-06-16,1988-02-17,2.0
784,1986-08-21,1987-12-31,2.0
785,1986-09-23,1986-09-24,3.0
786,1986-01-13,1986-01-20,4.0
787,1987-10-15,1987-10-15,4.0
15175,2017-07-15,,
15175,2017-07-15,,
15175,2017-07-15,,
788,1987-08-08,1987-09-12,2.0
789,1989-11-27,1989-11-29,4.0
790,1975-06-30,,
790,1975-06-30,1976-12-31,5.0
791,1996-12-31,1996-12-31,5.0
792,1984-02-06,,
792,1984-02-06,,
792,1984-02-06,,
792,1984-02-06,,
792,1984-02-06,,
792,1984-02-06,,
792,1984-02-06,,
792,1984-02-06,,
792,1984-02-06,,
792,1984-02-06,,
792,1984-02-06,,
792,1984-02-06,,
792,1984-02-06,,
792,1984-02-06,,
792,1984-02-06,,
792,1984-02-06,,
792,1984-02-06,,
792,1984-02-06,,
792,1984-02-06,,
792,1984-02-06,,
792,1984-02-06,,
792,1984-02-06,,
792,1984-02-06,,
792,1984-02-06,,
792,1984-02-06,,
792,1984-02-06,,
792,1984-02-06,,
792,1984-02-06,,
792,1984-02-06,,
792,1984-02-06,,
792,1984-02-06,,
793,1983-12-31,1990-11-30,2.0
793,1983-12-31,,
793,1983-12-31,,
793,1983-12-31,,
793,1983-12-31,,
793,1983-12-31,,
793,1983-12-31,,
793,1983-12-31,,
793,1983-12-31,,
793,1983-12-31,,
793,1983-12-31,,
793,1983-12-31,,
793,1983-12-31,,
793,1983-12-31,,
793,1983-12-31,,
793,1983-12-31,,
793,1983-12-31,,
793,1983-12-31,2010-10-16,2.0
794,1989-05-02,,
794,1989-05-02,1991-12-28,3.0
794,1989-05-02,,
794,1989-05-02,,
794,1989-05-02,,
794,1989-05-02,,
794,1989-05-02,,
794,1989-05-02,,
794,1989-05-02,2005-10-12,1.0
795,1989-10-03,1989-10-03,3.0
796,1989-12-16,1989-12-23,4.0
797,1989-04-06,1990-10-01,1.0
797,1989-04-06,,
797,1989-04-06,,
797,1989-04-06,,
797,1989-04-06,,
797,1989-04-06,1996-11-28,2.0
798,1989-12-17,1989-12-23,4.0
14471,1989-12-23,1989-12-29,3.0
799,1990-08-02,,
799,1990-08-02,1991-03-01,4.0
800,1990-06-28,1990-09-04,1.0
801,1991-12-12,1994-12-18,2.0
802,2007-05-11,,
802,2007-05-11,,
802,2007-05-11,2009-01-22,3.0
10054,1991-05-20,1991-11-09,5.0
11985,2012-01-17,2012-03-31,4.0
11985,2012-01-17,,
11985,2012-01-17,2015-05-18,1.0
803,1994-01-19,1994-09-26,1.0
804,1990-10-01,,
804,1990-10-01,,
804,1990-10-01,,
804,1990-10-01,,
804,1990-10-01,1994-07-04,4.0
805,1996-06-12,,
805,1996-06-12,,
805,1996-06-12,,
805,1996-06-12,,
805,1996-06-12,2000-09-30,6.0
12102,2001-05-20,,
12102,2001-05-20,2002-03-01,5.0
12102,2001-05-20,,
12102,2001-05-20,,
12102,2001-05-20,,
12102,2001-05-20,2012-12-02,5.0
12102,2001-05-20,2016-11-15,5.0
12102,2001-05-20,,
12102,2001-05-20,,
12102,2001-05-20,,
15547,2019-08-18,,
15547,2019-08-18,,
16081,2019-05-25,,
16081,2019-05-25,,
806,1988-12-31,1990-12-31,2.0
806,1988-12-31,,
806,1988-12-31,1993-11-16,2.0
806,1988-12-31,1995-12-01,5.0
806,1988-12-31,,
806,1988-12-31,1998-11-02,5.0
806,1988-12-31,,
806,1988-12-31,2001-12-07,5.0
806,1988-12-31,2003-10-11,1.0
806,1988-12-31,2011-12-30,5.0
807,1990-01-19,,
807,1990-01-19,1991-12-21,6.0
808,1990-01-20,1990-01-27,3.0
809,1990-07-27,1990-08-02,3.0
810,1991-11-12,,
810,1991-11-12,,
810,1991-11-12,,
810,1991-11-12,1994-03-04,1.0
811,1997-09-01,1999-08-31,1.0
812,1991-12-22,1991-12-31,4.0
813,1992-01-21,,
813,1992-01-21,1993-11-16,3.0
814,1989-04-03,1989-04-08,3.0
815,1991-10-02,1991-10-02,4.0
816,2004-01-07,2004-02-29,4.0
817,2004-08-31,2004-11-19,5.0
818,1991-03-23,,
818,1991-03-23,,
818,1991-03-23,,
818,1991-03-23,,
818,1991-03-23,,
818,1991-03-23,,
818,1991-03-23,,
818,1991-03-23,,
818,1991-03-23,,
818,1991-03-23,,
818,1991-03-23,2001-12-20,1.0
819,1997-05-25,,
819,1997-05-25,,
819,1997-05-25,1999-12-31,5.0
820,1997-05-27,,
820,1997-05-27,1998-03-10,6.0
821,2000-09-10,2000-09-10,3.0
822,1987-12-31,,
822,1987-12-31,1992-12-07,5.0
822,1987-12-31,1995-10-02,5.0
823,1987-12-31,2005-10-17,3.0
10516,2005-04-30,2016-12-17,5.0
15065,2016-07-16,2016-07-16,3.0
824,1991-06-27,1991-07-03,2.0
825,1991-07-10,1991-12-31,6.0
826,1991-07-09,,
826,1991-07-09,1992-04-06,6.0
827,1990-12-20,1991-12-31,6.0
828,1985-08-27,,
828,1985-08-27,,
828,1985-08-27,,
828,1985-08-27,,
828,1985-08-27,,
828,1985-08-27,1997-10-01,2.0
829,1992-02-10,,
829,1992-02-10,,
829,1992-02-10,,
829,1992-02-10,,
829,1992-02-10,,
829,1992-02-10,,
829,1992-02-10,,
829,1992-02-10,,
829,1992-02-10,,
829,1992-02-10,,
829,1992-02-10,2003-12-31,5.0
830,1998-12-10,,
830,1998-12-10,,
830,1998-12-10,,
830,1998-12-10,,
830,1998-12-10,,
830,1998-12-10,,
830,1998-12-10,,
830,1998-12-10,,
830,1998-12-10,,
830,1998-12-10,,
830,1998-12-10,,
830,1998-12-10,,
830,1998-12-10,,
830,1998-12-10,,
830,1998-12-10,,
830,1998-12-10,,
830,1998-12-10,,
830,1998-12-10,,
830,1998-12-10,,
830,1998-12-10,2018-11-19,5.0
830,1998-12-10,,
11984,2012-03-03,2012-12-31,5.0
831,1991-06-03,1991-11-10,5.0
831,1991-06-03,1994-12-31,2.0
831,1991-06-03,1997-12-31,5.0
831,1991-06-03,2002-12-31,5.0
832,1989-08-04,1992-12-31,5.0
832,1989-08-04,,
832,1989-08-04,,
832,1989-08-04,,
832,1989-08-04,,
832,1989-08-04,1998-12-31,5.0
832,1989-08-04,2002-12-31,5.0
832,1989-08-04,,
832,1989-08-04,2004-12-31,5.0
832,1989-08-04,2007-12-31,5.0
832,1989-08-04,2009-12-31,5.0
15993,2010-11-08,,
15993,2010-11-08,2017-12-31,5.0
15993,2010-11-08,,
15993,2010-11-08,,
833,1991-12-29,,
833,1991-12-29,,
833,1991-12-29,,
833,1991-12-29,1994-07-15,2.0
833,1991-12-29,,
833,1991-12-29,1998-12-31,5.0
833,1991-12-29,2005-12-05,5.0
833,1991-12-29,2008-12-31,5.0
833,1991-12-29,2012-09-25,5.0
833,1991-12-29,,
833,1991-12-29,,
833,1991-12-29,,
833,1991-12-29,2017-12-14,5.0
833,1991-12-29,,
834,1992-04-27,,
834,1992-04-27,,
834,1992-04-27,,
834,1992-04-27,1995-12-31,6.0
835,1992-04-27,,
835,1992-04-27,,
835,1992-04-27,,
835,1992-04-27,1995-11-21,1.0
836,1992-05-31,1992-12-31,6.0
837,1992-04-23,,
837,1992-04-23,1993-12-13,2.0
837,1992-04-23,1995-09-06,1.0
838,1981-10-08,,
838,1981-10-08,,
838,1981-10-08,,
838,1981-10-08,,
838,1981-10-08,,
838,1981-10-08,1998-11-02,2.0
12487,2014-03-11,2014-10-24,6.0
14973,2016-10-08,,
14973,2016-10-08,,
14973,2016-10-08,2019-09-24,5.0
15262,2017-10-20,2017-12-31,5.0
839,1992-08-14,,
839,1992-08-14,1993-11-29,1.0
840,1992-05-12,1992-08-14,2.0
840,1992-05-12,2004-10-12,2.0
840,1992-05-12,2008-11-09,2.0
841,1992-03-01,1992-07-31,2.0
842,1992-05-05,,
842,1992-05-05,,
842,1992-05-05,,
842,1992-05-05,,
842,1992-05-05,1996-12-23,1.0
842,1992-05-05,1998-11-16,3.0
843,1997-06-17,,
843,1997-06-17,1998-11-16,3.0
908,2005-01-31,,
908,2005-01-31,2011-07-25,3.0
12298,1992-09-10,1992-11-16,2.0
12300,2000-09-01,2000-09-06,3.0
12300,2000-09-01,2010-12-31,3.0
844,1993-06-06,1993-06-15,4.0
845,1994-09-30,1995-03-17,3.0
846,1992-06-28,,
846,1992-06-28,,
846,1992-06-28,1995-07-28,3.0
847,1993-05-31,,
847,1993-05-31,1994-09-05,6.0
848,1992-05-27,,
848,1992-05-27,1994-03-01,1.0
849,1993-09-23,1993-10-05,3.0
850,1994-01-01,1994-02-23,2.0
851,1996-07-16,1996-12-31,5.0
852,1994-05-27,,
852,1994-05-27,,
852,1994-05-27,1996-11-08,2.0
852,1994-05-27,,
852,1994-05-27,,
852,1994-05-27,,
852,1994-05-27,,
852,1994-05-27,,
852,1994-05-27,,
852,1994-05-27,,
852,1994-05-27,,
852,1994-05-27,2007-10-06,6.0
853,1994-02-21,1994-07-04,3.0
854,1995-01-26,1995-02-17,1.0
855,1990-02-11,1990-02-11,5.0
855,1990-02-11,,
855,1990-02-11,,
855,1990-02-11,1996-09-04,5.0
857,2007-07-04,,
857,2007-07-04,,
857,2007-07-04,,
857,2007-07-04,,
857,2007-07-04,,
857,2007-07-04,,
857,2007-07-04,,
857,2007-07-04,,
857,2007-07-04,,
857,2007-07-04,,
857,2007-07-04,,
857,2007-07-04,,
857,2007-07-04,,
857,2007-07-04,,
10961,2013-05-12,2014-12-31,6.0
11336,2008-10-22,,
11336,2008-10-22,2010-12-31,5.0
11336,2008-10-22,,
11336,2008-10-22,,
11336,2008-10-22,2014-12-31,5.0
11497,2012-06-02,2012-12-31,5.0
14227,2014-03-03,2014-12-31,6.0
858,1994-02-18,1996-05-07,5.0
859,1995-03-23,1995-07-10,5.0
860,1997-09-03,1997-09-05,4.0
861,1993-11-03,1993-12-27,2.0
861,1993-11-03,,1.0
862,1994-01-29,1997-10-16,4.0
863,1997-10-18,,
863,1997-10-18,,
863,1997-10-18,1999-12-06,1.0
864,1998-08-28,,
864,1998-08-28,1999-12-29,1.0
864,1998-08-28,2002-12-31,2.0
864,1998-08-28,2016-12-10,2.0
865,1998-05-06,,
865,1998-05-06,,
865,1998-05-06,2000-06-18,1.0
865,1998-05-06,2016-06-13,5.0
866,1998-06-07,,
866,1998-06-07,1999-05-07,4.0
867,1998-09-03,1998-09-28,3.0
868,1996-04-22,,
868,1996-04-22,1999-11-21,1.0
869,1974-08-31,,
869,1974-08-31,1978-12-31,5.0
869,1974-08-31,,
869,1974-08-31,1981-12-31,5.0
869,1974-08-31,,
869,1974-08-31,,
869,1974-08-31,,
869,1974-08-31,,
869,1974-08-31,,
869,1974-08-31,,
869,1974-08-31,,
869,1974-08-31,,
869,1974-08-31,,
869,1974-08-31,1992-06-30,5.0
869,1974-08-31,,
869,1974-08-31,1995-12-31,5.0
869,1974-08-31,,
869,1974-08-31,,
869,1974-08-31,,
869,1974-08-31,,
869,1974-08-31,,
869,1974-08-31,,
869,1974-08-31,,
869,1974-08-31,,
869,1974-08-31,,
869,1974-08-31,,
869,1974-08-31,,
869,1974-08-31,,
869,1974-08-31,,
869,1974-08-31,,
869,1974-08-31,,
869,1974-08-31,2013-12-31,5.0
869,1974-08-31,,
869,1974-08-31,2016-12-31,5.0
16240,2019-05-27,,
870,1999-08-29,1999-09-09,3.0
871,1999-02-16,,
871,1999-02-16,2000-10-01,5.0
872,2004-03-29,2004-07-30,3.0
873,2001-05-27,2001-06-08,3.0
874,2002-10-26,2002-12-19,4.0
875,2006-10-30,2006-12-01,1.0
875,2006-10-30,,
875,2006-10-30,2013-03-24,4.0
876,2009-03-20,,
876,2009-03-20,,
876,2009-03-20,2011-06-12,1.0
12380,2013-04-14,2013-12-05,5.0
15593,2015-02-09,,
15593,2015-02-09,,
15593,2015-02-09,,
16562,2020-12-15,,
877,2000-01-11,2001-08-17,1.0
878,2001-09-11,,
878,2001-09-11,,
878,2001-09-11,,
878,2001-09-11,,
878,2001-09-11,,
878,2001-09-11,,
878,2001-09-11,,
878,2001-09-11,,
878,2001-09-11,,
878,2001-09-11,,
878,2001-09-11,,
878,2001-09-11,,
878,2001-09-11,,
878,2001-09-11,,
878,2001-09-11,,
878,2001-09-11,,
878,2001-09-11,2017-12-04,5.0
878,2001-09-11,2019-09-07,5.0
879,2002-09-19,2002-12-31,1.0
880,2002-11-28,,
880,2002-11-28,2003-03-07,1.0
881,2002-12-03,2003-03-07,1.0
882,2004-06-07,2004-11-09,1.0
882,2004-06-07,2011-03-30,4.0
10842,2011-03-11,2011-04-27,3.0
883,2003-03-20,2003-04-28,3.0
884,1989-02-16,,
884,1989-02-16,1990-12-31,5.0
885,1992-10-08,1994-07-24,5.0
885,1992-10-08,,
885,1992-10-08,,
885,1992-10-08,,
885,1992-10-08,1999-10-07,5.0
885,1992-10-08,,
885,1992-10-08,,
885,1992-10-08,,
885,1992-10-08,2004-11-03,2.0
886,2009-01-03,,
886,2009-01-03,2010-11-08,2.0
14102,2013-01-14,,
14102,2013-01-14,2014-12-31,5.0
887,1997-03-16,1997-07-15,4.0
888,1965-12-31,,
888,1965-12-31,,
888,1965-12-31,,
888,1965-12-31,,
888,1965-12-31,,
888,1965-12-31,,
888,1965-12-31,,
888,1965-12-31,,
888,1965-12-31,,
888,1965-12-31,,
888,1965-12-31,,
888,1965-12-31,,
888,1965-12-31,,
888,1965-12-31,,
888,1965-12-31,,
888,1965-12-31,,
888,1965-12-31,,
888,1965-12-31,,
889,2003-12-22,2004-10-08,3.0
890,2004-06-04,2004-09-20,2.0
891,1986-09-30,,
891,1986-09-30,,
891,1986-09-30,,
891,1986-09-30,,
891,1986-09-30,,
891,1986-09-30,,
891,1986-09-30,,
891,1986-09-30,,
891,1986-09-30,,
891,1986-09-30,1999-12-30,6.0
891,1986-09-30,2006-08-23,2.0
892,1978-11-11,1978-11-16,3.0
893,1975-12-10,,
893,1975-12-10,,
893,1975-12-10,,
893,1975-12-10,1978-12-31,1.0
894,1998-07-02,,
894,1998-07-02,2008-03-31,3.0
894,1998-07-02,2017-08-31,5.0
894,1998-07-02,,
895,1991-10-25,,
895,1991-10-25,1992-12-18,1.0
896,1996-12-30,1997-11-28,2.0
897,2007-02-08,,
897,2007-02-08,2008-11-16,2.0
898,1979-12-27,1979-12-28,4.0
899,2007-10-07,,
899,2007-10-07,,
899,2007-10-07,,
899,2007-10-07,,
899,2007-10-07,,
899,2007-10-07,,
899,2007-10-07,,
899,2007-10-07,,
899,2007-10-07,2015-10-21,5.0
901,2000-06-20,2008-12-22,3.0
902,2008-06-10,2008-06-11,5.0
903,1977-12-31,,
903,1977-12-31,,
903,1977-12-31,,
903,1977-12-31,1980-12-31,5.0
904,1981-03-21,1981-03-21,5.0
904,1981-03-21,1983-12-31,3.0
906,2009-08-27,2009-12-31,3.0
906,2009-08-27,,
906,2009-08-27,2015-12-19,5.0
906,2009-08-27,2017-03-12,5.0
907,1973-01-11,,
907,1973-01-11,,
907,1973-01-11,,
907,1973-01-11,,
907,1973-01-11,,
907,1973-01-11,,
907,1973-01-11,,
907,1973-01-11,,
907,1973-01-11,,
907,1973-01-11,1982-12-31,6.0
909,2008-09-15,2010-09-18,5.0
11971,2010-06-27,2012-12-21,5.0
11971,2010-06-27,2014-11-27,6.0
11974,1967-06-05,1967-06-10,3.0
11974,1967-06-05,,
11974,1967-06-05,1970-08-07,2.0
11974,1967-06-05,1973-10-24,3.0
11977,2011-05-01,2011-06-15,6.0
11805,2013-04-27,2013-12-31,1.0
11978,2011-08-20,2011-12-31,1.0
11979,2011-10-09,,
11979,2011-10-09,2012-12-31,2.0
12413,2013-12-15,,
12413,2013-12-15,,
12413,2013-12-15,,
12413,2013-12-15,,
12413,2013-12-15,,
12413,2013-12-15,2018-12-31,1.0
15195,2018-12-16,,
15195,2018-12-16,,
10885,2011-08-27,2011-11-23,3.0
11980,2011-02-28,2011-08-22,4.0
14059,2014-11-01,,
14059,2014-11-01,2015-04-19,1.0
14059,2014-11-01,2017-12-31,5.0
14059,2014-11-01,,
14059,2014-11-01,,
14249,2014-05-18,2014-10-15,6.0
15225,2016-10-14,2017-07-10,3.0
15333,2017-11-08,2017-11-08,3.0
15539,2012-09-19,2013-12-31,5.0
11986,2012-01-20,,
11986,2012-01-20,2013-12-31,5.0
11986,2012-01-20,,
11986,2012-01-20,2016-12-31,6.0
11987,2012-05-01,2012-05-01,3.0
12571,2013-01-12,2013-08-22,6.0
12575,2009-06-10,2009-07-16,5.0
12575,2009-06-10,,
12575,2009-06-10,,
12575,2009-06-10,,
12575,2009-06-10,,
12575,2009-06-10,2017-03-02,6.0
12578,2013-02-19,2013-08-31,6.0
12582,2013-10-07,2014-12-31,6.0
15108,2017-03-05,,
15108,2017-03-05,,
15108,2017-03-05,,
15108,2017-03-05,,
11989,2012-03-27,2012-12-26,1.0
11990,1990-04-05,2008-08-29,5.0
10985,1994-04-24,2005-12-31,5.0
11991,2004-01-15,,
11991,2004-01-15,2006-12-22,5.0
10006,1991-10-10,1991-10-10,5.0
11018,1991-12-31,1991-12-31,5.0
11018,1991-12-31,1995-05-03,5.0
11018,1991-12-31,,
11018,1991-12-31,2001-05-18,5.0
11018,1991-12-31,,
11018,1991-12-31,,
11018,1991-12-31,2007-02-15,5.0
12139,2013-03-01,2013-04-24,3.0
12618,1947-06-30,,
12618,1947-06-30,1948-09-18,6.0
13821,2011-09-10,,
13821,2011-09-10,,
13821,2011-09-10,,
13821,2011-09-10,2015-07-25,6.0
14085,2014-01-22,2014-02-21,4.0
14124,2014-04-12,2014-09-16,6.0
14184,2014-05-04,2014-09-16,6.0
14210,2014-09-17,,
14210,2014-09-17,2015-06-09,6.0
15100,2015-06-11,,
15100,2015-06-11,,
15100,2015-06-11,,
15100,2015-06-11,,
15100,2015-06-11,,
15100,2015-06-11,,
15101,2015-06-11,,
15101,2015-06-11,,
15101,2015-06-11,,
15101,2015-06-11,,
15101,2015-06-11,,
15101,2015-06-11,,
14619,2015-06-25,,
14619,2015-06-25,,
14619,2015-06-25,,
14619,2015-06-25,,
14619,2015-06-25,,
14619,2015-06-25,,
14620,2013-03-26,,
14620,2013-03-26,,
14620,2013-03-26,,
14620,2013-03-26,,
14620,2013-03-26,,
14620,2013-03-26,,
14620,2013-03-26,,
14620,2013-03-26,,
14610,2015-01-05,2015-10-28,6.0
14320,2015-02-09,,
14320,2015-02-09,,
14320,2015-02-09,,
14320,2015-02-09,,
14320,2015-02-09,,
14320,2015-02-09,,
14666,2015-03-19,,
14666,2015-03-19,2016-10-06,5.0
14666,2015-03-19,2019-09-17,5.0
14668,2015-03-26,,
14668,2015-03-26,,
14668,2015-03-26,,
14668,2015-03-26,,
14668,2015-03-26,,
14668,2015-03-26,,
14667,2015-05-27,2015-11-01,5.0
14667,2015-05-27,,
14667,2015-05-27,,
14667,2015-05-27,,
14667,2015-05-27,,
14669,2015-03-15,,
14669,2015-03-15,,
14669,2015-03-15,,
14669,2015-03-15,,
14669,2015-03-15,,
14669,2015-03-15,,
14609,2015-03-20,2015-10-06,5.0
14609,2015-03-20,2017-05-18,5.0
14609,2015-03-20,,
10589,2015-03-13,,
10589,2015-03-13,,
10589,2015-03-13,,
10589,2015-03-13,,
10589,2015-03-13,,
10589,2015-03-13,,
14677,2014-11-16,,
14677,2014-11-16,,
14677,2014-11-16,,
14677,2014-11-16,,
14677,2014-11-16,,
14677,2014-11-16,,
14685,2015-04-19,,
14685,2015-04-19,,
14685,2015-04-19,,
14685,2015-04-19,2018-12-03,5.0
14718,2015-11-04,,
14718,2015-11-04,2017-09-06,5.0
14244,2014-06-25,,
14244,2014-06-25,2015-12-15,5.0
14244,2014-06-25,2017-08-27,5.0
11199,2001-10-07,2001-11-13,4.0
14745,2015-03-14,,
14745,2015-03-14,,
14745,2015-03-14,,
14745,2015-03-14,,
14745,2015-03-14,2019-09-29,5.0
14847,2014-12-11,2015-05-20,5.0
14784,2015-12-06,2016-11-28,5.0
14784,2015-12-06,2018-09-29,2.0
14953,2017-10-23,,
14953,2017-10-23,,
14741,2016-03-02,2016-12-29,5.0
14701,2015-07-23,,
14701,2015-07-23,,
14701,2015-07-23,2017-09-06,5.0
14319,2016-02-12,,
14319,2016-02-12,,
14319,2016-02-12,,
14319,2016-02-12,2019-10-28,5.0
11545,2016-07-18,2018-11-05,2.0
15259,2017-02-04,,
15259,2017-02-04,,
15259,2017-02-04,,
15259,2017-02-04,,
15895,2017-09-16,,
15895,2017-09-16,,
15895,2017-09-16,,
15895,2017-09-16,,
15077,2018-02-08,,
15077,2018-02-08,,
14895,2016-08-15,2017-06-11,5.0
15473,2016-06-01,,
15473,2016-06-01,,
15473,2016-06-01,,
15473,2016-06-01,,
15473,2016-06-01,,
14747,2015-03-18,2016-03-10,5.0
15633,2017-09-07,,
15633,2017-09-07,,
15633,2017-09-07,,
15998,2019-04-16,,
15998,2019-04-16,,
16022,2019-06-04,,
16022,2019-06-04,,
16023,2019-06-22,2019-06-24,3.0
16474,2020-10-14,,
